pid,rid,original_response,response,RT,invalid
1,1,tiger,tiger,7527.0,
1,2,dog,dog,1787.0,
1,3,bear,bear,1249.0,
1,4,cat,cat,841.0,
1,5,squirrel,squirrel,1563.0,
1,6,hyena,hyena,1157.0,
1,7,leopard,leopard,2413.0,
1,8,mouse,mouse,2208.0,
1,9,parrot,parrot,3031.0,
1,10,mongoose,mongoose,9086.0,
1,11,lion,lion,2745.0,
1,12,rat,rat,3822.0,
1,13,alligator,alligator,6314.0,
1,14,bat,bat,9767.0,
1,15,hedgehog,hedgehog,5452.0,
1,16,pig,pig,7374.0,
1,17,pelican,pelican,5286.0,
1,18,whale,whale,1780.0,
1,19,porcupine,porcupine,2760.0,
1,20,dolphin,dolphin,3857.0,
1,21,mouse,mouse,3711.0,
1,22,eagle,eagle,11444.0,
1,23,aardvark,aardvark,4806.0,
1,24,panda,panda,8083.0,
1,25,budgie,budgerigar,4142.0,
1,26,cheetah,cheetah,5333.0,
1,27,guinea pig,guinea pig,6476.0,
1,28,greyhound,greyhound,4416.0,
1,29,horse,horse,1921.0,
1,30,ptbull,american pit bull terrier,4072.0,
1,31,pony,pony,2017.0,
1,32,rabbit,rabbit,6213.0,
1,33,lemur,lemur,5810.0,
1,34,hare,hare,5028.0,
1,35,manitou,manitou,6689.0,1
1,36,wombat,wombat,6082.0,
1,37,deer,deer,4795.0,
1,38,kangeroo,kangaroo,5688.0,
2,1,cat,cat,10168.0,
2,2,dog,dog,8223.0,
2,3,tiger,tiger,6390.0,
2,4,duck,duck,2493.0,
2,5,hen,hen,8285.0,
2,6,fish,fish,1091.0,
2,7,shark,shark,4186.0,
2,8,lion,lion,2354.0,
2,9,monkey,monkey,934.0,
2,10,sheep,sheep,10033.0,
2,11,turkey,turkey,10576.0,
2,12,goat,goat,3175.0,
2,13,baboon,baboon,16614.0,
2,14,whale,whale,2636.0,
2,15,mouse,mouse,19729.0,
2,16,zebra,zebra,7574.0,
2,17,gorilla,gorilla,24380.0,
2,18,dolphin,dolphin,2764.0,
2,19,scorpion,scorpion,31869.0,
2,20,lizard,lizard,1148.0,
3,1,lion,lion,5625.0,
3,2,beaver,beaver,822.0,
3,3,fish,fish,863.0,
3,4,camel,camel,397.0,
3,5,rat,rat,1674.0,
3,6,horse,horse,918.0,
3,7,mouse,mouse,724.0,
3,8,elephant,elephant,914.0,
3,9,tiger,tiger,641.0,
3,10,rabbit,rabbit,1250.0,
3,11,jaguar,jaguar,2143.0,
3,12,bird,bird,2011.0000000000000,
3,13,hippo,hippopotamus,5102.0,
3,14,giraffe,giraffe,1039.0,
3,15,eagle,eagle,1428.0,
3,16,mole,mole,552.0,
3,17,bat,bat,485.0,
3,18,snake,snake,5418.0,
3,19,sparrow,sparrow,3112.0,
3,20,weasel,weasel,3574.0,
3,21,vulture,vulture,4983.0,
3,22,polar bear,polar bear,2104.0,
3,23,dear,dear,3367.0,
3,24,porcupine,porcupine,7529.0,
3,25,zebra,zebra,2983.0,
3,26,hedgehog,hedgehog,1293.0,
3,27,horse,horse,4541.0,
3,28,cat,cat,2870.0,
3,29,parrot,parrot,3286.0,
3,30,dog,dog,249.0,
3,31,rhino,rhinoceros,13092.0,
3,32,chinchilla,chinchilla,15739.0,
3,33,lizard,lizard,5876.0,
3,34,crow,crow,6598.0,
3,35,gecko,gecko,929.0,
3,36,frog,frog,5277.0,
3,37,cow,cow,10238.0,
3,38,tadpole,tadpole,2255.0,
4,1,cat,cat,19273.0,
4,2,bee,bee,6394.0,
4,3,lion,lion,1400.0,
4,4,whale,whale,1060.0,
4,5,bird,bird,5214.0,
4,6,horse,horse,4382.0,
4,7,monkey,monkey,5610.0,
4,8,kangaroo,kangaroo,8551.0,
4,9,elephant,elephant,7201.0,
4,10,ant,ant,12529.0,
4,11,gorilla,gorilla,4830.0,
4,12,fox,fox,25320.0,
4,13,spider,spider,15635.0,
4,14,buffalo,buffalo,5121.0,
4,15,rabbit,rabbit,11549.0,
4,16,rhino,rhinoceros,6659.0,
4,17,hampster,hamster,13578.0,
4,18,hypo,hippopotamus,13135.0,
4,19,dog,dog,25435.0,
4,20,bat,bat,6110.0,
4,21,tiger,tiger,4218.0,
5,1,lion,lion,2189.0,
5,2,mouse,mouse,531.0,
5,3,dog,dog,370.0,
5,4,monkey,monkey,640.0,
5,5,sealion,sea lion,1892.0,
5,6,elephant,elephant,1760.0,
5,7,whale,whale,3754.0,
5,8,cheetah,cheetah,1506.0,
5,9,crab,crab,476.0,
5,10,bat,bat,2611.0,
5,11,fox,fox,1974.0,
5,12,cow,cow,1947.0,
5,13,kangaroo,kangaroo,4043.0,
5,14,donkey,donkey,3004.0,
5,15,chimpanzee,chimpanzee,2187.0,
5,16,horse,horse,6034.0,
5,17,seal,seal,2274.0,
5,18,giraffe,giraffe,11361.0,
5,19,eel,eel,4335.0,
5,20,pig,pig,9749.0,
5,21,eagle,eagle,4994.0,
5,22,antelope,antelope,2969.0,
5,23,sparrow,sparrow,2903.0,
5,24,rhino,rhinoceros,8589.0,
5,25,hawk,hawk,2125.0,
5,26,hyena,hyena,7543.0,
5,27,ostrich,ostrich,3060.0,
5,28,wallaby,wallaby,3379.0,
5,29,ostrich,ostrich,1505.0,
5,30,owl,owl,6350.0,
5,31,shark,shark,25639.0,
5,32,tiger,tiger,4585.0,
5,33,lionfish,lionfish,410.0,
5,34,zebra,zebra,2541.0,
5,35,vulture,vulture,23283.0,
5,36,koala,koala,5287.0,
5,37,wolf,wolf,3414.0,
5,38,dingo,dingo,4087.0000000000000,
5,39,viper,viper,7240.0,
5,40,tarantula,tarantula,960.0,
5,41,scorpion,scorpion,3554.0,
5,42,prairie dog,prairie dog,13196.0,
5,43,cobra,cobra,3758.0,
5,44,meerkat,meerkat,1877.0,
5,45,sloth,sloth,3012.0,
6,1,cow,cow,11609.0,
6,2,pig,pig,1649.0,
6,3,cat,cat,1485.0,
6,4,dog,dog,2184.0,
6,5,zebra,zebra,2059.0,
6,6,rhyno,rhinoceros,907.0,
6,7,snake,snake,1976.0,
6,8,ghecko,gecko,2325.0,
6,9,elephant,elephant,1676.0,
6,10,giraffe,giraffe,1411.0,
6,11,lion,lion,2290.0,
6,12,horse,horse,1785.0,
6,13,human,human,3001.0,
6,14,lizard,lizard,2823.0,
6,15,pig,pig,3715.0,
6,16,goat,goat,1124.0,
6,17,salamander.,salamander,1710.0,
6,18,rat.,rat,810.0,
6,19,spider,spider,1487.0,
6,20,tortoise,tortoise,1177.0,
6,21,monkey,monkey,2086.0,
6,22,crocodile,crocodile,1457.0,
6,23,fish,fish,1989.0,
6,24,turtle,turtle,665.0,
6,25,baboon,baboon,1326.0,
6,26,rabbit.,rabbit,988.0,
6,27,whale,whale,1516.0,
6,28,lizard,lizard,2259.0,
6,29,tortoise,tortoise,1631.0,
6,30,kangaroo,kangaroo,898.0,
6,31,dolphine,dolphin,1376.0,
6,32,zebra,zebra,570.0,
7,1,lion,lion,3381.0,
7,2,mongoose,mongoose,617.0,
7,3,snake,snake,996.0,
7,4,pelican,pelican,1241.0,
7,5,tiger,tiger,3563.0,
7,6,dolphin,dolphin,3607.0,
7,7,eagle,eagle,2878.0,
7,8,rhino,rhinoceros,4796.0,
7,9,ant,ant,2094.0,
7,10,dog,dog,3775.0,
7,11,tarantula,tarantula,4243.0,
7,12,whale,whale,2771.0,
7,13,ant eater,anteater,3123.0,
7,14,hippo,hippopotamus,4106.0,
7,15,koi fish,koi,4516.0,
7,16,ostrich,ostrich,3423.0,
7,17,cheetah,cheetah,5361.0,
7,18,kangaroo,kangaroo,984.0,
7,19,bat,bat,4842.0,
7,20,horse,horse,4573.0,
7,21,rabbi,rabbi,485.0,1
7,22,rabbit,rabbit,881.0,
7,23,python,python,9888.0,
7,24,vulture,vulture,7658.0,
7,25,hyeena,hyena,261.0,
7,26,fly,fly,7323.0,
7,27,elephant,elephant,3891.0,
7,28,dragonfly,dragonfly,8728.0,
7,29,gazelle,gazelle,5578.0,
7,30,fox,fox,2984.0,
7,31,pidgeon,pigeon,5200.0,
7,32,koala,koala,5562.0,
7,33,stingray,stingray,1123.0,
7,34,owl,owl,8415.0,
7,35,shark,shark,3161.0,
7,36,cat,cat,4276.0,
7,37,hawk,hawk,5717.0,
7,38,goldfish,goldfish,6025.0,
7,39,otter,otter,11381.0,
7,40,salmon,salmon,5626.0,
7,41,cow,cow,4768.0,
7,42,eel,eel,6393.0,
7,43,chicken,chicken,279.0,
7,44,cod,cod,2189.0,
7,45,sheep,sheep,6438.0,
7,46,stick insect,stick insect,11162.0,
7,47,wolf,wolf,244.0,
7,48,pig,pig,8380.0,
7,49,antelope,antelope,9124.0,
8,1,dog,dog,2705.0,
8,2,elephant,elephant,1702.0,
8,3,cat,cat,7452.0,
8,4,dragon,dragon,530.0,
8,5,butterfly,butterfly,2021.0,
8,6,eagle,eagle,2315.0,
8,7,frog,frog,305.0,
8,8,gorilla,gorilla,1396.0,
8,9,kangraroo,kangraroo,632.0,
8,10,jellyfist,jellyfish,738.0,
8,11,hawk,hawk,2456.0,
8,12,monkey,monkey,523.0,
8,13,iguana,iguana,1924.0,
8,14,nightingale,nightingale,901.0,
8,15,octopus,octopus,930.0,
8,16,bear,bear,2371.0,
8,17,flamingo,flamingo,1462.0,
8,18,dolphin,dolphin,1591.0,
8,19,bird,bird,1989.0,
8,20,goat,goat,16556.0,
8,21,horse,horse,944.0,
8,22,batt,bat,232.0,
8,23,deer,deer,758.0,
8,24,camel,camel,652.0,
8,25,goldfish,goldfish,3315.0,
8,26,pig,pig,2571.0,
8,27,shark,shark,177.0,
8,28,owl,owl,1281.0,
8,29,moose,moose,461.0,
8,30,ant,ant,307.0,
8,31,koala,koala,3436.0,
8,32,worm,worm,396.0,
8,33,eel,eel,1785.0,
8,34,rabbit,rabbit,23710.0,
8,35,turtle,turtle,2307.0,
8,36,squirrel,squirrel,1004.0,
8,37,roach,cockroach,3352.0,
8,38,falcon,falcon,1001.0000000000000,
8,39,panda,panda,4606.0,
8,40,kiwi,kiwi,3617.0,
8,41,zebra,zebra,10866.0,
8,42,beaver,beaver,4260.0,
8,43,hamster,hamster,2917.0,
8,44,otter,otter,211.0,
8,45,starfish,starfish,2156.0,
8,46,toad,toad,2859.0,
8,47,chameleon,chameleon,7337.0,
8,48,cobra,cobra,5651.0,
8,49,bass,bass,14644.0,
8,50,snake,snake,442.0,
8,51,cod,cod,1348.0,
8,52,boa,boa constrictor,16273.0,
8,53,salmon,salmon,1015.0000000000000,
8,54,flounder,flounder,9572.0,
9,1,monkey,monkey,9967.0,
9,2,dog,dog,2894.0,
9,3,giraffe,giraffe,1452.0,
9,4,rabbit,rabbit,2407.0,
9,5,shark,shark,5216.0,
9,6,zebra,zebra,6502.0,
9,7,falcon,falcon,5965.0,
9,8,cat,cat,8339.0,
9,9,koala,koala,23531.0,
9,10,pigeon,pigeon,5153.0,
9,11,lion,lion,3344.0,
9,12,worm,worm,2548.0,
9,13,chinchilla,chinchilla,18187.0,
9,14,zebra,zebra,10697.0,
9,15,trout,trout,20452.0,
9,16,badger,badger,4531.0,
9,17,bull,bull,10569.0,
9,18,butterfly,butterfly,8361.0,
9,19,pig,pig,7493.0,
9,20,dolphin,dolphin,9564.0,
9,21,rhino,rhinoceros,15798.0,
9,22,penguin,penguin,915.0,
9,23,hedgehog,hedgehog,8513.0,
9,24,bear,bear,5899.0,
9,25,bat,bat,15544.0,
10,1,ape,ape,5937.0,
10,2,snake,snake,710.0,
10,3,baboon,baboon,781.0,
10,4,whale,whale,901.0,
10,5,chimpanse,chimpanzee,675.0,
10,6,bug,bug,2353.0,
10,7,dog,dog,3217.0,
10,8,snail,snail,622.0,
10,9,spider,spider,910.0,
10,10,racoon,racoon,1079.0,
10,11,pelican,pelican,3766.0,
10,12,pig,pig,3716.0,
10,13,seagull,seagull,4123.0,
10,14,rabbit,rabbit,1193.0,
10,15,cat,cat,2873.0,
10,16,stick insect,stick insect,1421.0,
10,17,ladybird,ladybird,2194.0,
10,18,lion,lion,1343.0,
10,19,tiger,tiger,2029.0,
10,20,mole,mole,1860.0,
10,21,lizard,lizard,1541.0,
10,22,trout,trout,4146.0,
10,23,ardvark,aardvark,6465.0,
10,24,jaguar,jaguar,1129.0,
10,25,bee,bee,2417.0,
10,26,porcupine,porcupine,4802.0,
10,27,cougar,cougar,6982.0,
10,28,wasp,wasp,2760.0,
10,29,tasmanian devil,tasmanian devil,2442.0,
10,30,iguana,iguana,6676.0,
10,31,oposum,opossum,5822.0,
10,32,anglerfish,anglerfish,4628.0,
10,33,worm,worm,3729.0,
10,34,human,human,755.0,
10,35,orangotan,orangutan,4650.0,
10,36,limpet,limpet,3335.0,
10,37,deer,deer,5277.0,
10,38,owl,owl,1878.0,
10,39,gorilla,gorilla,10231.0,
10,40,elephant,elephant,7877.0,
10,41,giraffe,giraffe,1348.0,
10,42,skate,skate,3989.0,
10,43,salmon,salmon,4105.0,
10,44,ferdelance,fer-de-lance,2865.0,
10,45,ant,ant,4688.0,
10,46,hornet,hornet,4344.0,
10,47,parrot,parrot,2100.0,
10,48,treefrog,tree frog,9004.0,
11,1,tiger,tiger,3932.0,
11,2,duck,duck,745.0,
11,3,bear,bear,3504.0,
11,4,seal,seal,6268.0,
11,5,cheetah,cheetah,3578.0,
11,6,goldfish,goldfish,5328.0,
11,7,giraffe,giraffe,3126.0,
11,8,snake,snake,14980.0,
11,9,turtle,turtle,3040.0,
11,10,polar bear,polar bear,6893.0,
11,11,mosquito,mosquito,6744.0,
11,12,dog,dog,4500.0,
11,13,snail,snail,12368.0,
11,14,jellyfish,jellyfish,3081.0,
11,15,kangaroo,kangaroo,7080.0,
11,16,swan,swan,9102.0,
11,17,lizard,lizard,4601.0,
11,18,koala,koala,2495.0,
11,19,hamster,hamster,2751.0,
11,20,tiger,tiger,5360.0,
11,21,puffin,puffin,5340.0,
11,22,bat,bat,3474.0,
11,23,elephant,elephant,3683.0,
11,24,iguana,iguana,27248.0,
11,25,chimpanzee,chimpanzee,18669.0,
11,26,ostrich,ostrich,3697.0,
11,27,hedgehog,hedgehog,31524.0,
11,28,leopard,leopard,14716.0,
12,1,horse,horse,4966.0,1
12,2,small,small,8559.0,1
12,3,flies,flies,1770.0,1
12,4,reptile,reptile,3240.0,1
12,5,australia,australia,726.0,1
12,6,mammal,mammal,6055.0,1
12,7,aquatic,aquatic,6673.0,1
12,8,pet,pet,5978.0,1
12,9,gelatinous,gelatinous,6504.0,1
12,10,arachnid,arachnid,2586.0,1
12,11,cold,cold,4856.0,1
12,12,snake,snake,6143.0,1
12,13,lake,lake,675.0,1
12,14,make,make,681.0,1
12,15,venom,venom,5871.0,1
12,16,amphibian,amphibian,5058.0,1
12,17,goat,goat,91514.0,1
12,18,grape,grape,3337.0,1
12,19,grain,grain,1948.0,1
12,20,grace,grace,2684.0,1
13,1,apple,apple,3180.0,1
13,2,fig,fig,452.0,1
13,3,orange,orange,565.0,1
13,4,watermelon,watermelon,1864.0,1
13,5,mandarin,mandarin,1484.0,1
13,6,grape,grape,1413.0,1
13,7,satsuma,satsuma,995.0,1
13,8,blackberry,blackberry,490.0,1
13,9,tangerine,tangerine,2129.0,1
13,10,raspberry,raspberry,322.0,1
13,11,fig,fig,418.0,1
13,12,blueberry,blueberry,1253.0,1
13,13,pear,pear,1080.0,1
13,14,strawberry,strawberry,1580.0,1
13,15,lime,lime,655.0,1
13,16,passionfruit,passionfruit,2823.0,1
13,17,kumquat,kumquat,4752.0,1
13,18,lychee,lychee,1130.0,1
13,19,durian,durian,554.0,1
13,20,blackberry,blackberry,6970.0,1
13,21,dragonfruit,dragonfruit,1345.0,1
13,22,plum,plum,9221.0,1
13,23,papaya,papaya,399.0,1
13,24,coconut,coconut,1028.0,1
13,25,mango,mango,409.0,1
13,26,jackfruit,jackfruit,9629.0,1
13,27,kiwi,kiwi,411.0,1
13,28,peach,peach,10722.0,1
13,29,pomegranate,pomegranate,2157.0,1
13,30,pomelo,pomelo,978.0,1
13,31,starfruit,starfruit,4391.0,1
13,32,tamarind,tamarind,2358.0,1
13,33,yuzu,yuzu,648.0,1
13,34,date,date,309.0,1
13,35,elderberry,elderberry,6233.0,1
13,36,blackcurrant,blackcurrant,4069.0,1
13,37,banana,banana,2376.0,1
13,38,cranberry,cranberry,5949.0,1
13,39,goji berry,goji berry,1947.0,1
13,40,currant,currant,297.0,1
13,41,eggfuit,eggfuit,5638.0,1
13,42,mulberry,mulberry,3982.0,1
13,43,pineapple,pineapple,5255.0,1
13,44,longan,longan,26583.0,1
14,1,horse,horse,20867.0,
14,2,cow,cow,1438.0,
14,3,monkey,monkey,1227.0,
14,4,graffe,giraffe,1889.0,
14,5,tiger,tiger,1921.0,
14,6,sealion,sea lion,1143.0,
14,7,hippopotamus,hippopotamus,3693.0,
14,8,snake,snake,5860.0,
14,9,lion,lion,3177.0,
14,10,dog,dog,965.0,
14,11,penguin,penguin,9273.0,
14,12,cat,cat,1091.0,
14,13,walrus,walrus,11949.0,
14,14,mouse,mouse,1060.0,
14,15,alligator,alligator,980.0,
14,16,gerbil,gerbil,1774.0,
14,17,crocodile,crocodile,5369.0,
14,18,parrot,parrot,972.0,
14,19,whale,whale,6375.0,
14,20,robin,robin,3881.0,
14,21,elephant,elephant,11302.0,
14,22,porcupine,porcupine,5256.0,
14,23,dolphin,dolphin,3101.0,
14,24,koala,koala,8854.0,
14,25,shark,shark,7250.0,
14,26,kangaroo,kangaroo,950.0,
14,27,canary,canary,3116.0,
14,28,jaguar,jaguar,6815.0,
14,29,kite,kite,1967.0,
14,30,gazelle,gazelle,8610.0,
14,31,eagle,eagle,2051.0,
14,32,donkey,donkey,5138.0,
14,33,owl,owl,2417.0,
15,1,dolphin,dolphin,4137.0,
15,2,monkey,monkey,299.0,
15,3,fish,fish,691.0,
15,4,chimpanzee,chimpanzee,299.0,
15,5,aligator,alligator,1747.0,
15,6,lion,lion,3121.0,
15,7,crocidile,crocodile,1103.0,
15,8,tiger,tiger,397.0,
15,9,whale,whale,5294.0,
15,10,leopard,leopard,633.0,
15,11,ant,ant,204.0,
15,12,elephant,elephant,9630.0,
15,13,ladybird,ladybird,679.0,
15,14,rhino,rhinoceros,2241.0,
15,15,butterfly,butterfly,1983.0,
15,16,chetta,cheetah,6859.0,
15,17,moth,moth,1561.0,
15,18,anteater,anteater,3411.0,
15,19,catfish,catfish,6060.0,
15,20,robin,robin,7646.0,
15,21,shark,shark,15875.0,
15,22,giaffee,giraffe,1733.0,
15,23,cat,cat,5904.0,
15,24,catapilla,caterpillar,11653.0,
15,25,dog,dog,2056.0,
15,26,swan,swan,7332.0,
15,27,rat,rat,3829.0,
15,28,goose,goose,180.0,
15,29,mouse,mouse,1262.0,
15,30,flamingo,flamingo,312.0,
15,31,hamster,hamster,4594.0,
15,32,seal,seal,392.0,
15,33,fly,fly,12063.0,
15,34,penguin,penguin,2583.0,
15,35,rabbit,rabbit,246.0,
15,36,polar bear,polar bear,223.0,
15,37,gerbal,gerbil,15653.0,
15,38,grizzly bear,grizzly bear,1340.0,
15,39,snake,snake,2770.0,
15,40,black bear,black bear,1495.0,
15,41,lizard,lizard,2977.0,
15,42,parrot,parrot,10063.0,
15,43,starfish,starfish,4857.0,
15,44,crab,crab,13753.0,
15,45,leopard,leopard,7766.0,
16,1,dog,dog,4265.0,
16,2,bear,bear,675.0,
16,3,shark,shark,765.0,
16,4,pony,pony,1875.0,
16,5,bird,bird,2356.0,
16,6,snack,snake,2010.0000000000000,
16,7,rabbit,rabbit,4246.0,
16,8,panda,panda,5460.0,
16,9,cat,cat,2401.0,
16,10,ape,ape,540.0,
16,11,hamster,hamster,6179.0,
16,12,monkey,monkey,1501.0,
16,13,rat,rat,6316.0,
16,14,horse,horse,3033.0,
16,15,penguin,penguin,3136.0,
16,16,seagul,seagull,3373.0,
16,17,elephant,elephant,5761.0,
16,18,pig,pig,7362.0,
16,19,gerbil,gerbil,5988.0,
16,20,whale,whale,4873.0,
16,21,parrot,parrot,3046.0,
16,22,dolphin,dolphin,1932.0,
16,23,skunk,skunk,12134.0,
16,24,hippo,hippopotamus,9044.0,
16,25,hedgehog,hedgehog,2222.0,
16,26,spiders,spider,9557.0,
16,27,griaff,giraffe,5294.0,
16,28,mouse,mouse,10772.0,
16,29,rhino,rhinoceros,2371.0,
16,30,meercat,meerkat,11715.0,
16,31,shrew,shrew,4890.0,
16,32,pelican,pelican,4861.0,
16,33,chimp,chimpanzee,12978.0,
16,34,cockiteal,cockatiel,7082.0,
16,35,deer,deer,14221.0,
16,36,fox,fox,8940.0,
16,37,raindeer,reindeer,8865.0,
16,38,badger,badger,5446.0,
16,39,polor bear,polor bear,15841.0,
17,1,dog,dog,4499.0,
17,2,elephant,elephant,789.0,
17,3,cat,cat,744.0,
17,4,whale,whale,1934.0,
17,5,tiger,tiger,8629.0,
17,6,mouse,mouse,4836.0,
17,7,gorilla,gorilla,4984.0,
17,8,magpie,magpie,17982.0,
17,9,dolphin,dolphin,1289.0,
17,10,bear,bear,23456.0,
17,11,giraffe,giraffe,5667.0,
17,12,monkey,monkey,1301.0,
17,13,squirrel,squirrel,6120.0,
17,14,shark,shark,4928.0,
17,15,gecko,gecko,6679.0,
17,16,cow,cow,6619.0,
17,17,seal,seal,6519.0,
17,18,eagle,eagle,4853.0,
17,19,salmon,salmon,9733.0,
17,20,rat,rat,6392.0,
17,21,chimp,chimpanzee,8417.0,
17,22,penguin,penguin,10711.0,
17,23,rhino,rhinoceros,2959.0,
17,24,parrot,parrot,1008.0,
17,25,squid,squid,31760.0,
17,26,snake,snake,15805.0,
17,27,ant,ant,5876.0,
17,28,kangaroo,kangaroo,1147.0,
17,29,emu,emu,11990.0,
18,1,snake,snake,31309.0,
18,2,dog,dog,432.0,
18,3,lizard,lizard,361.0,
18,4,cat,cat,321.0,
18,5,frog,frog,3885.0,
18,6,cow,cow,362.0,
18,7,toad,toad,1002.0,
18,8,pig,pig,371.0,
18,9,newt,newt,5297.0,
18,10,goat,goat,306.0,
18,11,elephant,elephant,17686.0,
18,12,dolphin,dolphin,306.0,
18,13,lion,lion,536.0,
18,14,ant,ant,9628.0,
18,15,gorilla,gorilla,5799.0,
18,16,butterfly,butterfly,617.0,
18,17,porpoise,porpoise,3764.0,
18,18,tiger,tiger,3609.0,
18,19,bumble bee,bumblebee,1329.0,
18,20,orangutan,orangutan,350.0,
18,21,badger,badger,20267.0,
18,22,antelope,antelope,7532.0,
18,23,lynx,lynx,9275.0,
18,24,reindeer,reindeer,3624.0,
18,25,ferret,ferret,5674.0,
18,26,platypus,platypus,12353.0,
18,27,tortoise,tortoise,3759.0,
18,28,lemur,lemur,2191.0,
18,29,rabbit,rabbit,6105.0,
18,30,leopard,leopard,12574.0,
18,31,mouse,mouse,9528.0,
18,32,giraffe,giraffe,2577.0,
18,33,otter,otter,9808.0,
18,34,anteater,anteater,1188.0,
18,35,sheep,sheep,6918.0,
19,1,dog,dog,2240.0,
19,2,monkey,monkey,920.0,
19,3,cat,cat,696.0,
19,4,dolphin,dolphin,3082.0,
19,5,mouse,mouse,1020.0,
19,6,fox,fox,3442.0,
19,7,lion,lion,1773.0,
19,8,fish,fish,3810.0,
19,9,rabbit,rabbit,7054.0,
19,10,wolf,wolf,4247.0,
19,11,turtle,turtle,2417.0,
19,12,horse,horse,6794.0,
19,13,pig,pig,3179.0,
19,14,lamb,lamb,324.0,
19,15,shark,shark,5106.0,
19,16,ox,ox,3552.0,
19,17,duck,duck,3194.0,
19,18,elephant,elephant,4119.0,
19,19,groose,goose,10992.0,
19,20,bird,bird,5362.0,
19,21,spider,spider,6343.0,
19,22,puffins,puffin,4151.0,
19,23,seagull,seagull,3850.0,
19,24,tiger,tiger,8240.0,
19,25,deer,deer,1530.0,
19,26,panda,panda,3964.0,
19,27,koala,koala,2549.0,
19,28,porcupine,porcupine,971.0,
19,29,giraffe,giraffe,2061.0,
19,30,zebra,zebra,2983.0,
19,31,snake,snake,7451.0,
19,32,snail,snail,1340.0,
19,33,emu,emu,5326.0,
19,34,bear,bear,2567.0,
19,35,kangaroo,kangaroo,3816.0,
19,36,octopus,octopus,20162.0,
19,37,starfish,starfish,1621.0,
19,38,razor clam,razor clam,1579.0,
19,39,crocodile,crocodile,2683.0,
19,40,crab,crab,1691.0,
19,41,polar bear,polar bear,20213.0,
19,42,frog,frog,5298.0,
20,1,cat,cat,2853.0,
20,2,monkey,monkey,627.0,
20,3,horse,horse,717.0,
20,4,bat,bat,703.0,
20,5,dog,dog,755.0,
20,6,snake,snake,3367.0,
20,7,bear,bear,1924.0,
20,8,lion,lion,7423.0,
20,9,giraffe,giraffe,4096.0,
20,10,penguin,penguin,4253.0,
20,11,deer,deer,2256.0,
20,12,bird,bird,6085.0,
20,13,fox,fox,3618.0,
20,14,chicken,chicken,2860.0,
20,15,zebra,zebra,3782.0,
20,16,puma,puma,1586.0,
20,17,cow,cow,1478.0,
20,18,koala,koala,9703.0,
20,19,elephant,elephant,5600.0,
20,20,ant,ant,13400.0,
20,21,racoon,racoon,11328.0,
20,22,ostrich,ostrich,9117.0,
20,23,ape,ape,11871.0,
20,24,jaguar,jaguar,2179.0,
20,25,rabbit,rabbit,11348.0,
20,26,tiger,tiger,14563.0,
20,27,fish,fish,2284.0,
20,28,buffalo,buffalo,16314.0,
20,29,swan,swan,14437.0,
20,30,spider,spider,18601.0,
20,31,hamster,hamster,10022.0,
20,32,walrus,walrus,20779.0,
20,33,otter,otter,4794.0,
20,34,sealion,sea lion,806.0,
20,35,ferret,ferret,7998.0,
21,1,lion,lion,3984.0,
21,2,snake,snake,1143.0,
21,3,tiger,tiger,2937.0,
21,4,parrot,parrot,2121.0,
21,5,iguana,iguana,4489.0,
21,6,cat,cat,1817.0,
21,7,scorpion,scorpion,4881.0,
21,8,dog,dog,2889.0,
21,9,giraffe,giraffe,2754.0,
21,10,mouse,mouse,3800.0,
21,11,hippopotaumus,hippopotamus,1008.0,
21,12,goldfish,goldfish,4968.0,
21,13,monkey,monkey,4440.0,
21,14,guinea pig,guinea pig,3305.0,
21,15,koala bear,koala bear,1008.0,
21,16,marmot,marmot,7816.0,
21,17,pola bear,pola bear,5025.0,
21,18,yak,yak,8832.0,
21,19,rabbit,rabbit,7210.0,
21,20,golden eagle,golden eagle,1744.0,
21,21,ferret,ferret,6729.0,
21,22,lizard,lizard,6824.0,
21,23,brown bear,brown bear,5705.0,
21,24,camel,camel,4000.0,
21,25,whale,whale,5120.0,
21,26,cockroach,cockroach,31184.0,
21,27,butterfly,butterfly,1545.0,
21,28,alligator,alligator,6713.0,
21,29,gorilla,gorilla,6521.0,
21,30,rhino,rhino,5737.0,
21,31,rat,rat,6641.0,
21,32,leopard,leopard,5857.0,
21,33,crocodile,crocodile,5424.0,
21,34,panther,panther,3328.0,
22,1,lion,lion,10571.0,
22,2,monkey,monkey,1164.0,
22,3,cat,cat,1539.0,
22,4,snake,snake,1569.0,
22,5,dog,dog,4347.0,
22,6,bird,bird,1260.0,
22,7,elephant,elephant,6043.0,
22,8,mouse,mouse,717.0,
22,9,frog,frog,7879.0,
22,10,tiger,tiger,1489.0,
22,11,rat,rat,6232.0,
22,12,koala,koala,5825.0,
22,13,kangaroo,kangaroo,3486.0,
22,14,alligator,alligator,5957.0,
22,15,giraffe,giraffe,6223.0,
22,16,toad,toad,4907.0,
22,17,otter,otter,5323.0,
22,18,fish,fish,3560.0,
22,19,badger,badger,7186.0,
22,20,cow,cow,1669.0,
22,21,horse,horse,1105.0,
22,22,fly,fly,1895.0,
22,23,donkey,donkey,3386.0,
22,24,sheep,sheep,4239.0,
22,25,chicken,chicken,7612.0,
22,26,lamb,lamb,652.0,
22,27,swan,swan,7301.0,
22,28,bee,bee,9651.0,
22,29,deer,deer,12235.0,
22,30,ant,ant,3950.0,
22,31,giraffe,giraffe,7797.0,
22,32,beetle,beetle,3188.0,
22,33,wolf,wolf,13731.0,
22,34,bear,bear,793.0,
23,1,sheep,sheep,8568.0,
23,2,elephant,elephant,470.0,
23,3,cow,cow,275.0,
23,4,rhino,rhinoceros,365.0,
23,5,guinea pig,guinea pig,263.0,
23,6,lion,lion,2705.0,
23,7,dog,dog,1041.0,
23,8,dolphin,dolphin,1635.0,
23,9,cat,cat,392.0,
23,10,giraffe,giraffe,3824.0,
23,11,fish,fish,316.0,
23,12,pig,pig,4937.0,
23,13,sea lion,sea lion,306.0,
23,14,bear,bear,11239.0,
23,15,hamster,hamster,10553.0,
23,16,tiger,tiger,2417.0,
23,17,lizard,lizard,6487.0,
23,18,stingray,stingray,4244.0,
23,19,horse,horse,840.0,
23,20,tortoise,tortoise,8249.0,
23,21,monkey,monkey,5120.0,
23,22,snake,snake,3228.0,
23,23,chick,chick,861.0,
23,24,panda,panda,4568.0,
23,25,ant,ant,4780.0,
23,26,bee,bee,34574.0,
23,27,antelope,antelope,9669.0,
23,28,butterfly,butterfly,577.0,
24,1,rabbit,rabbit,9316.0,
24,2,elephant,elephant,700.0,
24,3,whale,whale,1305.0,
24,4,seahorse,seahorse,2751.0,
24,5,shark,shark,1350.0,
24,6,kangaroo,kangaroo,2731.0,
24,7,fish,fish,1047.0,
24,8,cobra,cobra,5232.0,
24,9,octopus,octopus,1270.0,
24,10,bird,bird,1078.0,
24,11,zebra,zebra,2886.0,
24,12,eagle,eagle,2363.0,
24,13,horse,horse,731.0,
24,14,parrot,parrot,5445.0,
24,15,crocodile,crocodile,6595.0,
24,16,cow,cow,1605.0,
24,17,cat,cat,1739.0,
24,18,squid,squid,10203.0,
24,19,dog,dog,1585.0,
24,20,crow,crow,2106.0,
24,21,snail,snail,3079.0,
24,22,owl,owl,856.0,
24,23,lion,lion,13206.0,
24,24,dolphin,dolphin,572.0,
24,25,panda,panda,1342.0,
24,26,tiger,tiger,2889.0,
24,27,monkey,monkey,2277.0,
24,28,wolf,wolf,1670.0,
24,29,snake,snake,2488.0,
24,30,bear,bear,1781.0,
24,31,fox,fox,3635.0,
24,32,koala,koala,2895.0,
24,33,frog,frog,2187.0,
24,34,deer,deer,2343.0,
24,35,goose,goose,1991.0,
24,36,squirrel,squirrel,1611.0,
24,37,duck,duck,571.0,
24,38,donkey,donkey,10483.0,
24,39,hamster,hamster,1899.0,
24,40,ant,ant,2720.0,
24,41,lobster,lobster,1708.0,
24,42,camel,camel,1409.0,
24,43,seal,seal,1262.0,
24,44,bat,bat,1116.0,
24,45,flamingo,flamingo,1685.0,
24,46,peacock,peacock,2339.0,
24,47,otter,otter,1554.0,
24,48,turkey,turkey,2234.0,
24,49,raccoon,raccoon,2907.0,
24,50,jellyfish,jellyfish,3789.0,
24,51,bee,bee,3200.0,
24,52,crab,crab,2502.0,
24,53,lizard,lizard,1523.0,
24,54,swan,swan,3937.0,
24,55,ox,ox,12575.0,
24,56,chicken,chicken,14534.0,
24,57,sheep,sheep,2545.0,
24,58,pig,pig,1420.0,
25,1,ant,ant,1869.0,
25,2,giraffe,giraffe,534.0,
25,3,dragon,dragon,225.0,
25,4,hippo,hippopotamus,1737.0,
25,5,eagle,eagle,1095.0,
25,6,lion,lion,3289.0,
25,7,pigeon,pigeon,2137.0,
25,8,ladybug,ladybug,2514.0,
25,9,shark,shark,9329.0,
25,10,dragonfly,dragonfly,3858.0,
25,11,penguin,penguin,5760.0,
25,12,black bears,black bear,5305.0,
25,13,bats,bat,3409.0,
25,14,frogs,frog,2785.0,
25,15,snakes,snake,1512.0,
25,16,pirana,piranha,850.0,
25,17,pythons,python,2801.0,
25,18,mantis,mantis,3112.0,
25,19,tadpoles,tadpole,1553.0,
25,20,cheetah,cheetah,22273.0,
25,21,monkey,monkey,4600.0,
25,22,cat,cat,193.0,
25,23,panda,panda,1553.0,
25,24,mouse,mouse,4912.0,
25,25,racoon,racoon,345.0,
25,26,pig,pig,3737.0,
25,27,swan,swan,1146.0,
25,28,dolphin,dolphin,1986.0,
25,29,rat,rat,241.0,
25,30,goat,goat,4122.0,
25,31,dog,dog,3760.0,
25,32,chicken,chicken,5049.0,
25,33,kangaroo,kangaroo,1191.0,
25,34,goldfish,goldfish,3017.0,
25,35,hawk,hawk,3513.0,
25,36,turkey,turkey,994.0,
25,37,robin,robin,3081.0,
25,38,iguana,iguana,1857.0,
25,39,sparrow,sparrow,3713.0,
25,40,turtle,turtle,513.0,
25,41,newt,newt,3552.0,
25,42,spider,spider,769.0,
25,43,jellyfish,jellyfish,2705.0,
25,44,butterfly,butterfly,321.0,
25,45,octopus,octopus,377.0,
25,46,crocodile,crocodile,6513.0,
25,47,duck,duck,177.0,
25,48,crab,crab,2530.0,
25,49,seahorse,seahorse,6695.0,
25,50,donkey,donkey,8561.0,
26,1,dog,dog,4841.0,
26,2,bear,bear,1736.0,
26,3,cat,cat,1423.0,
26,4,giraffe,giraffe,7800.0,
26,5,mouse,mouse,2136.0,
26,6,elephant,elephant,1384.0,
26,7,gerbil,gerbil,4632.0,
26,8,rhino,rhinoceros,5777.0,
26,9,hamster,hamster,4959.0,
26,10,cow,cow,5681.0,
26,11,snake,snake,3112.0,
26,12,tiger,tiger,5328.0,
26,13,lizard,lizard,5263.0,
26,14,buffalo,buffalo,11648.0,
26,15,ferritt,ferret,17314.0,
26,16,zebra,zebra,54902.0,
26,17,panther,panther,3463.0,
27,1,cat,cat,7596.0,
27,2,fish,fish,5585.0,
27,3,ant eater,anteater,2850.0,
27,4,bear,bear,3368.0,
27,5,cow,cow,2811.0,
27,6,snake,snake,2406.0,
27,7,dog,dog,6064.0,
27,8,elephant,elephant,4882.0,
27,9,gofer,gopher tortoise,6367.0,
27,10,hippopotamus,hippopotamus,3711.0,
27,11,lima,lemur,7170.0,
27,12,monkey,monkey,4635.0,
27,13,ostridge,ostrich,4004.0000000000000,
27,14,rabbit,rabbit,4452.0,
27,15,rat,rat,16469.0,
27,16,snail,snail,3711.0,
27,17,octopuss,octopus,3216.0,
27,18,mouse,mouse,9404.0,
27,19,spider,spider,946.0,
27,20,ape,ape,6794.0,
27,21,fox,fox,8322.0,
27,22,squirel,squirrel,4026.0,
27,23,donkey,donkey,3172.0,
27,24,hedgehog,hedgehog,11430.0,
27,25,whale,whale,5123.0,
27,26,penguin,penguin,7176.0,
28,1,snail,snail,8103.0,
28,2,human,human,1889.0,
28,3,slug,slug,1514.0,
28,4,hare,hare,1792.0,
28,5,lobster,lobster,1192.0,
28,6,rabbit,rabbit,1877.0,
28,7,frog,frog,1568.0,
28,8,sheep,sheep,1239.0,
28,9,newt,newt,1094.0,
28,10,lion,lion,439.0,
28,11,toad,toad,753.0,
28,12,tigar,tiger,866.0,
28,13,salmon,salmon,1863.0,
28,14,leopard,leopard,3013.0,
28,15,shark,shark,632.0,
28,16,puma,puma,1100.0,
28,17,whale,whale,464.0,
28,18,deer,deer,3893.0,
28,19,dfolphin,dfolphin,1426.0,
28,20,elephant,elephant,1868.0,
28,21,shrimp,shrimp,2578.0,
28,22,antelope,antelope,5364.0,
28,23,prawn,prawn,1026.0,
28,24,goat,goat,4440.0,
28,25,crab,crab,4441.0,
28,26,cow,cow,4381.0,
28,27,snake,snake,5224.0,
28,28,polecat,european polecat,3592.0,
28,29,snake,snake,7530.0,
28,30,squirrel,squirrel,5381.0,
28,31,bison,bison,4439.0,
28,32,mouse,mouse,2351.0,
28,33,rhino,rhinoceros,4402.0,
28,34,rat,rat,1520.0,
28,35,hippopotumus,hippopotamus,2135.0,
28,36,dormouse,dormouse,4360.0,
28,37,cod,cod,7750.0,
28,38,fox,fox,3607.0,
28,39,herring,herring,3205.0,
28,40,badger,badger,574.0,
28,41,haddock,haddock,5603.0,
28,42,mink,mink,4373.0,
29,1,cow,cow,3316.0,
29,2,horse,horse,788.0,
29,3,giraffe,giraffe,1128.0,
29,4,tarantula,tarantula,4928.0,
29,5,pigeon,pigeon,7054.0,
29,6,cat,cat,3054.0,
29,7,goldfish,goldfish,17293.0,
29,8,eagle#,eagle,12140.0,
29,9,praying mantis,mantis,7918.0,
29,10,donkey,donkey,3970.0,
29,11,octopus,octopus,24203.0,
29,12,moose,moose,467.0,
29,13,giraffe,giraffe,4891.0,
29,14,seagul,seagull,8807.0,
29,15,snake,snake,6876.0,
29,16,shark,shark,14707.0,
29,17,gorilla,gorilla,5754.0,
29,18,toucan,toucan,8326.0,
29,19,human,human,5978.0,
29,20,spider,spider,13457.0,
29,21,dolphin,dolphin,13349.0,
29,22,scorpion,scorpion,13310.0,
29,23,elephant,elephant,7239.0,
29,24,whale,whale,24667.0,
29,25,mouse,mouse,528.0,
29,26,alligator,alligator,10603.0,
30,1,lion,lion,5092.0,
30,2,duck,duck,807.0,
30,3,tiger,tiger,1306.0,
30,4,monkey,monkey,732.0,
30,5,pig,pig,1739.0,
30,6,goat,goat,3038.0,
30,7,sheep,sheep,1871.0,
30,8,cheater,cheetah,2125.0,
30,9,leopard,leopard,4155.0,
30,10,mouse,mouse,2999.0,
30,11,ant,ant,3410.0,
30,12,cow,cow,7839.0,
30,13,crocodile,crocodile,9173.0,
30,14,whale,whale,1322.0,
30,15,dolphin,dolphin,986.0,
30,16,snake,snake,2280.0,
30,17,kanganro,kangaroo,18451.0,
30,18,zebra,zebra,2080.0,
30,19,rabbit,rabbit,3460.0,
30,20,hyena,hyena,6692.0,
30,21,bat,bat,5189.0,
30,22,hen,hen,11606.0,
30,23,duck,duck,1096.0,
30,24,eagle,eagle,17746.0,
31,1,goat,goat,4219.0,
31,2,cat,cat,2191.0,
31,3,sheep,sheep,1672.0,
31,4,lion,lion,2230.0,
31,5,dog,dog,1152.0,
31,6,dolphin,dolphin,3127.0,
31,7,snake,snake,1911.0,
31,8,tiger,tiger,3216.0,
31,9,mouse,mouse,5632.0,
31,10,whale,whale,11129.0,
31,11,swan,swan,9561.0,
31,12,leopard,leopard,3296.0,
31,13,kite,kite,4847.0,
31,14,carp,carp,7920.0,
31,15,bluetit,blue tit,6424.0,
31,16,antelope,antelope,9280.0,
31,17,hawk,hawk,4856.0,
31,18,deer,deer,1593.0,
31,19,rat,rat,6009.0,
31,20,zebra,zebra,9274.0,
31,21,cow,cow,5888.0,
31,22,pelican,pelican,6248.0,
31,23,fox,fox,10024.0,
31,24,walrus,walrus,45920.0,
32,1,lion,lion,1230.0,
32,2,fish,fish,612.0,
32,3,tiger,tiger,3411.0,
32,4,turtle,turtle,1682.0,
32,5,fox,fox,4187.0,
32,6,panda,panda,1798.0,
32,7,kagaroo,kangaroo,1546.0,
32,8,crab,crab,3198.0,
32,9,chicken,chicken,729.0,
32,10,ox,ox,1370.0,
32,11,duck,duck,1035.0,
32,12,lamb,lamb,2613.0,
32,13,crocodile,crocodile,2440.0,
32,14,goose,goose,5793.0,
32,15,wolf,wolf,4085.0,
32,16,cow,cow,11363.0,
32,17,cat,cat,1942.0,
32,18,pig,pig,3151.0,
32,19,dog,dog,492.0,
32,20,bee,bee,1450.0,
32,21,zebara,zebra,5396.0,
32,22,elephant,elephant,3047.0,
32,23,rabbit,rabbit,1670.0,
32,24,starfish,starfish,4134.0,
32,25,snake,snake,6206.0,
32,26,shrimp,shrimp,6185.0,
32,27,flamingo,flamingo,6516.0,
32,28,butterfly,butterfly,6841.0,
32,29,penguin,penguin,1842.0,
32,30,puffins,puffin,288.0,
32,31,camel,camel,1868.0,
32,32,deer,deer,5502.0,
32,33,bear,bear,2326.0,
32,34,giraffe,giraffe,7087.0,
32,35,emu,emu,6430.0,
32,36,mouse,mouse,3758.0,
32,37,boar,boar,15093.0,
32,38,frog,frog,7201.0,
32,39,ram,ram,10933.0,
32,40,squirrel,squirrel,10630.0,
32,41,bee,bee,10717.0,
32,42,eagle,eagle,3602.0,
32,43,fish,fish,6994.0,
32,44,beele,beetle,2674.0,
32,45,seagull,seagull,10360.0,
32,46,camel,camel,5126.0,
33,1,panda,panda,1843.0,
33,2,tiger,tiger,581.0,
33,3,elephant,elephant,513.0,
33,4,lion,lion,598.0,
33,5,pig,pig,1665.0,
33,6,ostrich,ostrich,1157.0,
33,7,rhino,rhinoceros,587.0,
33,8,cow,cow,2478.0,
33,9,penguin,penguin,2876.0,
33,10,cat,cat,3906.0,
33,11,monkey,monkey,7050.0,
33,12,goldfish,goldfish,4416.0,
33,13,gorilla,gorilla,1737.0,
33,14,chicken,chicken,5008.0,
33,15,whale,whale,421.0,
33,16,snake,snake,1032.0,
33,17,horse,horse,5745.0,
33,18,koala,koala,3782.0,
33,19,cheetah,cheetah,1956.0,
33,20,shark,shark,2420.0,
33,21,spider,spider,3938.0,
33,22,eagle,eagle,17170.0,
33,23,toad,toad,4123.0,
33,24,goat,goat,352.0,
33,25,gecko,gecko,6856.0,
33,26,sheep,sheep,2136.0,
33,27,badger,badger,4459.0,
33,28,mouse,mouse,5664.0,
33,29,emu,emu,8433.0,
33,30,fox,fox,3751.0,
33,31,squirrel,squirrel,607.0,
33,32,red panda,red panda,12836.0,
33,33,moose,moose,8782.0,
33,34,jellyfish,jellyfish,1664.0,
33,35,leopard,leopard,4149.0,
33,36,iguana,iguana,11564.0,
33,37,jaguar,jaguar,5905.0,
33,38,lizard,lizard,6300.0,
33,39,cricket,cricket,3540.0,
33,40,turtle,turtle,2330.0,
33,41,wolf,wolf,5314.0,
33,42,frog,frog,506.0,
33,43,sloth,sloth,17825.0,
33,44,hyena,hyena,3785.0,
33,45,donkey,donkey,1448.0,
33,46,guinea pig,guinea pig,5139.0,
33,47,crab,crab,16622.0,
34,1,lion,lion,3915.0,
34,2,dog,dog,770.0,
34,3,octopus,octopus,20807.0,
34,4,parrot,parrot,3770.0,
34,5,kangaroo,kangaroo,16234.000000000000,
34,6,snail,snail,3911.0,
34,7,gorilla,gorilla,5581.0,
34,8,cat,cat,845.0,
34,9,seahorse,seahorse,6373.0,
34,10,sloth,sloth,6759.0,
34,11,mouse,mouse,4592.0,
34,12,horse,horse,5403.0,
34,13,hedgehog,hedgehog,5648.0,
34,14,snake,snake,3530.0,
34,15,shark,shark,20952.0,
34,16,rabbit,rabbit,4645.0,
34,17,cow,cow,8322.0,