pid,response,RT
51,cat,8
51,dog,3
51,mouse,3
51,rat,3
51,giraffe,6
51,lion,2
51,zebra,3
51,rhino,4
51,ostrich,6
51,meerkat,6
51,tiger,3
51,bear,1
51,bat,10
51,aardvark,6
51,elephant,7
51,flea,7
51,ferret,7
51,parrot,3
51,hippopotamus,6
51,alligator,4
51,crocodile,5
51,frog,3
51,whale,4
51,shark,6
51,clownfish,11
51,guppy,7
51,goldfish,3
51,snake,5
51,snail,4
51,deer,8
51,elk,4
51,buffalo,5
51,monkey,3
51,hyena,7
51,kangaroo,9
71,cheetah,3
71,panther,12
71,snake,3
71,shark,2
71,elephant,3
71,gazelle,3
71,deer,2
71,monkey,6
71,orangutan,8
71,mouse,4
71,hamster,3
71,sheep,2
71,horse,3
71,rabbit,6
71,squirrel,10
71,muskrat,5
71,loon,2
71,eagle,2
71,hawk,2
71,raven,2
71,bluebird,5
71,raptor,5
71,fox,4
71,cow,6
71,fisher,11
71,wolverine,3
71,badger,6
71,tiger,3
71,bronco,5
71,hare,5
71,turtle,4
71,crab,6
71,fish,3
71,bluegill,7
71,mantaray,3
71,caribou,7
71,polarbear,8
198,dog,3
198,cat,2
198,mouse,4
198,tiger,7
198,lion,3
198,bear,1
198,cheetah,6
198,skunk,12
198,raccoon,2
198,hamster,12
198,elephant,3
198,hippopotamus,2
198,alligator,6
198,crocodile,4
198,boaconstrictor,8
198,viper,3
198,rattlesnake,5
198,opossum,21
198,fox,8
198,deer,2
198,bobcat,9
198,bird,12
198,beaver,14
198,groundhog,5
198,hyena,40
199,dog,3
199,cat,2
199,bear,2
199,monkey,1
199,pig,2
199,cow,1
199,horse,2
199,turkey,2
199,giraffe,5
199,elephant,4
199,hippopotamus,2
199,tiger,3
199,lion,1
199,penguin,3
199,mouse,6
199,rat,2
199,hamster,3
199,fish,2
199,chicken,14
199,rabbit,6
199,goose,9
199,turtle,4
199,bird,2
199,frog,1
199,wolf,7
199,raccoon,3
199,possum,2
199,squirrel,10
199,chipmunk,3
199,ferret,22
199,duck,4
199,swan,2
199,shark,4
199,dolphin,3
199,whale,1
199,mountainlion,39
199,gerbil,39
199,gorilla,10
199,chimpanzee,6
199,snake,29
285,deer,4
285,squirrel,5
285,rabbit,2
285,elk,3
285,moose,2
285,muledeer,4
285,whitetaileddeer,9
285,blacktaileddeer,5
285,grizzly,7
285,blackbear,2
285,brownbear,3
285,kodiakbear,5
285,mountaingoat,6
285,goat,3
285,wolf,4
285,fox,3
285,coyote,3
285,dog,3
285,cat,2
285,rat,2
285,mouse,3
285,bird,2
285,cardinal,4
285,bluejay,2
285,robin,3
285,blackbird,2
285,crow,2
285,turkey,4
285,vulture,18
285,eagle,3
285,hawk,3
285,mountainlion,32
285,elephant,3
285,giraffe,9
285,lion,4
285,tiger,2
285,zebra,5
285,antelope,6
286,dog,2
286,cat,1
286,horse,1
286,cow,3
286,pig,1
286,dolphin,6
286,mouse,5
286,gerbil,3
286,chicken,5
286,goose,2
286,potbelliedpig,13
286,hamster,17
286,ferret,14
286,raccoon,7
286,skunk,5
286,squirrel,5
286,polarbear,24
286,grizzly,2
286,penguin,10
286,seal,2
286,monkey,5
286,giraffe,3
286,buffalo,3
286,bison,1
286,lion,7
286,tiger,3
286,cheetah,6
286,gazelle,10
286,antelope,3
286,koala,8
286,sloth,6
287,dog,5
287,cat,2
287,bird,1
287,squirrel,3
287,chipmunk,3
287,elephant,9
287,lion,3
287,tiger,3
287,bear,1
287,mouse,1
287,rat,1
287,sheep,2
287,lamb,1
287,pig,1
287,donkey,3
287,goose,2
287,rooster,2
287,monkey,5
287,gorilla,2
287,giraffe,3
287,penguin,2
287,dolphin,2
287,whale,1
287,fish,1
287,crab,1
287,turtle,2
287,seahorse,6
287,fox,14
287,rabbit,6
287,bunny,4
287,gerbil,8
287,guineapig,5
287,hamster,4
287,kangaroo,17
287,koala,5
287,crocodile,10
287,alligator,2
287,ant,3
287,bee,2
287,wasp,2
287,prayingmantis,5
287,beetle,4
287,cockroach,2
287,fly,1
287,stingray,11
287,jellyfish,3
287,tortoise,15
288,cheetah,6
288,lion,2
288,deer,1
288,parrot,4
288,guineapig,4
288,hamster,2
288,squirrel,2
288,chipmunk,4
288,dove,4
288,alligator,3
288,prayingmantis,4
288,toucan,3
288,owl,2
288,pigeon,5
288,giraffe,6
288,hawk,9
288,tiger,11
288,elephant,2
288,rat,4
288,mouse,3
288,bear,6
288,moose,1
288,beaver,4
288,dog,3
288,cat,1
288,iguana,6
288,ferret,3
288,pig,4
288,chicken,2
288,rooster,4
288,cow,1
288,llama,2
288,rabbit,9
288,gazelle,10
288,antelope,2
288,snake,9
288,salamander,4
288,newt,1
288,ant,1
288,fly,3
288,gnat,4
288,mosquito,2
288,bee,3
288,ladybug,3
288,aardvark,7
288,anteater,3
289,cat,2
289,dog,3
289,mouse,2
289,bird,2
289,snake,2
289,hamster,8
289,kitten,5
289,cow,2
289,pig,1
289,sheep,2
289,horse,2
289,chicken,2
289,jaguar,5
289,cheetah,2
289,lion,3
289,lioness,2
289,cub,2
289,bear,3
289,zebra,6
289,elephant,3
289,hippopotamus,2
289,giraffe,7
289,fox,4
289,ostrich,7
289,koala,5
289,penguin,4
289,polarbear,5
289,rooster,6
289,monkey,6
289,panda,5
289,buffalo,7
289,bison,8
289,turkey,6
289,cougar,14
289,bull,10
289,tiger,6
289,wombat,18
290,mongoose,4
290,lemur,1
290,koala,2
290,dingo,1
290,dog,3
290,cat,1
290,bear,0
290,mouse,2
290,elephant,2
290,lion,4
290,tiger,6
290,polarbear,7
290,zebra,5
290,jellyfish,4
290,whale,3
290,meerkat,7
290,hog,2
290,warthog,3
290,chicken,8
290,rooster,5
290,cow,8
290,bull,1
290,cattle,2
290,horse,9
290,seahorse,4
290,penguin,11
290,shark,5
290,narwhal,2
290,duck,8
290,goose,7
290,swan,2
290,ocelot,11
290,rabbit,10
290,hamster,24
290,rat,12
291,horse,2
291,dog,1
291,cat,1
291,elephant,2
291,dolphin,2
291,squirrel,7
291,bird,2
291,chipmunk,7
291,mouse,1
291,rat,2
291,cheetah,5
291,lion,1
291,giraffe,2
291,hippopotamus,5
291,rhino,4
291,polarbear,6
291,walrus,5
291,elk,4
291,deer,2
291,snake,5
291,otter,3
291,fish,2
291,wolf,6
291,coyote,2
291,moose,2
291,bear,1
291,crow,4
291,pony,10
291,chinchilla,9
291,worm,9
291,beetle,2
291,cockroach,2
291,starfish,10
291,shark,1
291,whale,3
291,gorilla,6
291,monkey,3
291,penguin,6
291,coral,12
291,eagle,6
291,lizard,7
291,spider,6
291,bunny,20
292,dog,2
292,cat,1
292,lion,4
292,tiger,3
292,bear,1
292,monkey,4
292,panda,3
292,cheetah,3
292,jaguar,2
292,horse,2
292,coyote,3
292,bird,8
292,koala,3
292,flamingo,7
292,giraffe,9
292,elephant,3
292,emu,6
292,rhino,29
292,ostrich,26
292,yak,6
292,goat,2
292,lamb,4
292,sheep,1
292,cow,2
292,pig,4
292,llama,4
292,rabbit,16
292,skunk,4
292,anteater,4
292,alligator,6
292,crocodile,6
293,dog,3
293,cat,1
293,moose,2
293,buffalo,2
293,giraffe,3
293,monkey,6
293,lion,2
293,tiger,1
293,bear,3
293,labradorretriever,9
293,puggle,6
293,fish,17
293,salmon,5
293,whale,2
293,beluga,6
293,killerwhale,4
293,shark,2
293,turtle,3
293,coral,7
293,jellyfish,6
293,snake,8
293,cheetah,16
293,jaguar,3
293,spider,5
293,human,8
293,guineapig,29
293,hamster,3
293,betta,15
294,giraffe,4
294,lion,2
294,tiger,2
294,panther,2
294,bobcat,9
294,lynx,3
294,jaguar,10
294,bear,5
294,polarbear,4
294,moose,4
294,deer,3
294,elk,2
294,ram,5
294,eagle,4
294,hawk,7
294,cardinal,5
294,panda,3
294,squirrel,6
294,chipmunk,3
294,owl,3
294,fish,2
294,otter,8
294,seal,2
294,whale,2
294,dolphin,6
294,koala,3
294,kangaroo,3
294,fox,10
294,raccoon,4
294,bat,9
294,chimpanzee,7
294,ape,2
294,monkey,5
294,spidermonkey,4
294,baboon,5
294,snake,6
294,crocodile,8
294,alligator,3
294,komododragon,14
295,bear,3
295,giraffe,2
295,horse,2
295,kangaroo,4
295,snake,2
295,lion,1
295,tiger,2
295,parakeet,2
295,penguin,2
295,parrot,6
295,cat,3
295,dog,2
295,chinchilla,4
295,guineapig,2
295,rabbit,2
295,squirrel,6
295,mouse,2
295,rat,1
295,hamster,7
295,hyena,6
295,deer,7
295,bat,4
295,eagle,5
295,elephant,12
295,camel,2
295,emu,2
295,sloth,3
295,rhinoceros,7
295,monkey,9
295,gorilla,3
295,chimpanzee,5
295,baboon,3
295,cheetah,6
295,zebra,2
295,gazelle,4
295,crocodile,5
295,gecko,10
295,wildebeest,13
295,bison,3
295,antelope,7
295,polarbear,7
296,tiger,2
296,dog,2
296,cat,2
296,kitten,1
296,puppy,2
296,jaguar,3
296,mountainlion,5
296,cheetah,3
296,lion,3
296,cub,2
296,zebra,4
296,alligator,4
296,crocodile,4
296,octopus,2
296,muskrat,13
296,ferret,5
296,monkey,7
296,gorilla,2
296,squirrel,9
296,chipmunk,5
296,mouse,3
296,rat,1
296,guineapig,5
296,pig,3
296,horse,1
296,donkey,4
296,hippopotamus,6
296,coyote,16
296,deer,3
296,giraffe,25
296,mammal,40
297,dog,1
297,cat,2
297,fish,1
297,monkey,3
297,cow,1
297,hippopotamus,2
297,pig,2
297,hog,2
297,squirrel,7
297,dolphin,8
297,sanddollar,1
297,snake,3
297,snail,1
297,slug,1
297,raccoon,3
297,chipmunk,2
297,skunk,2
297,kangaroo,3
297,koala,7
297,ferret,8
297,tiger,8
297,lion,2
297,bear,2
297,cheetah,4
297,polarbear,4
297,brownbear,4
297,jackrabbit,26
297,rabbit,2
297,bunny,1
297,penguin,4
297,iguana,4
297,lizard,1
297,mosquito,2
297,bee,2
297,wasp,4
297,ant,3
297,rattlesnake,7
297,ostrich,2
297,lemur,6
297,emu,6
297,shark,3
297,clownfish,2
297,catfish,3
297,tarantula,4
297,spider,2
297,turtle,6
297,parakeet,2
298,dog,4
298,turtle,5
298,lizard,2
298,fish,3
298,lion,3
298,giraffe,5
298,zebra,3
298,elephant,3
298,whale,4
298,fly,3
298,bee,3
298,worm,4
298,snake,4
298,kangaroo,6
298,bear,2
298,tiger,2
298,leopard,3
298,hawk,9
298,bluejay,2
298,robin,4
298,crocodile,16
298,monkey,9
298,gorilla,3
298,koala,19
298,panther,9
298,cougar,6
298,dolphin,10
298,horse,10
298,donkey,1
298,pig,4
298,sheep,4
298,chicken,5
298,frog,17
379,dog,3
379,cat,2
379,tiger,1
379,lion,2
379,wolf,3
379,bear,1
379,turtle,3
379,monkey,4
379,giraffe,11
379,hippopotamus,3
379,panda,5
379,greatwhiteshark,5
379,polarbear,2
379,elephant,4
379,platypus,4
379,bunny,10
379,snake,7
379,stingray,5
379,jellyfish,4
379,cheetah,6
379,leopard,7
379,meerkat,3
379,eagle,2
379,penguin,10
379,mouse,4
379,rat,5
379,toucan,13
379,pelican,2
379,dolphin,2
379,seamonkey,4
379,whale,16
379,eel,28
380,bunny,6
380,bat,1
380,cat,2
380,dog,3
380,pig,3
380,horse,3
380,fish,2
380,turtle,2
380,dolphin,6
380,whale,4
380,shark,3
380,blowfish,7
380,alligator,17
380,crocodile,6
380,goat,16
380,sheep,3
380,wolf,2
380,coyote,6
380,hamster,14
380,opossum,7
380,tiger,28
380,lion,2
380,elephant,3
380,bear,3
380,octopus,6
380,squid,3
380,penguin,6
380,leopard,10
380,zebra,4
380,snake,2
381,dog,2
381,cat,1
381,snake,2
381,spider,2
381,goat,2
381,cow,1
381,horse,3
381,lizard,3
381,ladybug,3
381,pig,3
381,fish,2
381,whale,12
381,dolphin,3
381,seal,7
381,polarbear,8
381,grizzly,5
381,penguin,3
381,starfish,4
381,monkey,4
381,giraffe,2
381,zebra,4
381,lion,1
381,cheetah,2
381,leopard,5
381,panther,3
381,kangaroo,6
381,deer,2
381,raccoon,3
381,possum,2
381,coyote,12
381,fox,4
381,gazelle,7
381,pony,8
381,camel,4
381,hamster,4
381,gerbil,4
381,mouse,5
381,rat,1
381,eel,2
381,tarantula,8
381,groundhog,19
381,gopher,2
382,dog,4
382,cat,2
382,bat,2
382,rat,2
382,mouse,1
382,deer,4
382,bear,2
382,lion,5
382,tiger,2
382,whale,2
382,monkey,3
382,giraffe,6
382,hippopotamus,3
382,guineapig,10
382,pig,2
382,horse,2
382,goat,3
382,cow,3
382,bull,2
382,sheep,4
382,chicken,2
382,elk,9
382,lizard,4
382,coyote,15
382,frog,4
382,ferret,8
382,bunny,2
382,squirrel,3
382,chipmunk,6
382,bird,2
382,donkey,11
382,walrus,6
382,ostrich,4
382,ape,6
382,llama,7
382,buffalo,6
382,alligator,12
382,duck,6
382,rooster,3
383,pig,3
383,cat,1
383,dog,2
383,snake,1
383,monkey,3
383,kangaroo,5
383,fish,3
383,salmon,2
383,elephant,8
383,lion,2
383,tiger,2
383,bear,1
383,eagle,2
383,robin,2
383,panda,9
383,pigeon,7
383,boar,7
383,goat,2
383,sheep,1
383,horse,2
383,pony,2
383,giraffe,9
383,ostrich,5
383,lamb,10
383,llama,3
383,whale,10
383,dolphin,3
383,squid,4
383,kitten,8
383,zebra,2
383,dove,7
383,jaguar,11
383,cheetah,3
383,cricket,7
383,spider,2
383,flamingo,20
384,bear,4
384,bird,4
384,zebra,3
384,leopard,1
384,lion,3
384,gorilla,1
384,snowmonkey,3
384,alligator,4
384,crocodile,3
384,polarbear,6
384,grizzly,8
384,parrot,9
384,dog,2
384,cat,2
384,mouse,1
384,rat,2
384,ant,4
384,human,2
384,raccoon,9
384,hamster,2
384,gerbil,2
384,wombat,7
384,mink,2
384,muskrat,7
384,deer,3
384,moose,2
384,skunk,2
384,elk,5
384,lizard,5
384,whale,1
384,dolphin,2
384,goldfish,5
384,piranha,4
384,shark,9
384,snake,3
384,iguana,6
384,elephant,16
384,bison,2
384,buffalo,1
384,gazelle,11
384,pig,16
385,dog,3
385,cat,1
385,bird,2
385,snake,3
385,hamster,5
385,fish,2
385,chicken,3
385,cow,2
385,pig,2
385,sheep,4
385,horse,2
385,gerbil,7
385,mouse,1
385,ferret,9
385,turtle,6
385,shark,3
385,iguana,5
385,gecko,6
385,lizard,5
385,duck,8
385,goose,6
385,squirrel,10
385,chipmunk,3
385,lion,13
385,tiger,2
385,bear,3
385,elephant,3
385,zebra,5
385,polarbear,7
385,penguin,3
385,dolphin,4
385,whale,3
385,giraffe,8
385,antelope,7
385,hippopotamus,3
385,cheetah,9
385,gorilla,20
386,deer,5
386,bear,2
386,dog,2
386,cat,2
386,pigeon,2
386,bird,9
386,hamster,5
386,guineapig,18
386,turtle,4
386,frog,3
386,worm,3
386,fish,7
386,trout,4
386,sheep,7
386,goat,3
386,donkey,3
386,horse,2
386,cow,6
386,ostrich,9
386,peacock,5
386,groundhog,12
386,prairiedog,10
386,bison,13
386,buffalo,3
386,giraffe,4
386,zebra,4
386,elephant,4
386,monkey,4
386,alligator,4
386,crocodile,4
386,snake,6
386,spider,3
386,mouse,2
386,rat,2
386,bat,8
387,dog,2
387,cat,1
387,monkey,3
387,elephant,3
387,zebra,2
387,bird,3
387,hippopotamus,10
387,squirrel,7
387,bunny,6
387,giraffe,12
387,snake,4
387,bat,7
387,polarbear,6
387,lion,2
387,tiger,3
387,bear,4
387,turtle,4
387,fish,3
387,starfish,10
387,jellyfish,4
387,shark,6
387,dolphin,4
387,whale,1
387,beluga,8
387,lobster,12
387,crab,2
387,chicken,2
387,cow,1
387,turkey,2
387,horse,2
387,hen,1
387,rooster,3
387,mouse,9
387,chipmunk,7
387,scorpion,18
387,ant,10
388,dog,3
388,cat,2
388,lion,1
388,bear,2
388,ant,2
388,spider,3
388,rabbit,4
388,moose,3
388,mongoose,3
388,antelope,9
388,canary,6
388,pelican,2
388,crow,2
388,seagull,4
388,coyote,9
388,otter,3
388,snake,4
388,ladybug,10
388,whale,3
388,fish,6
388,dolphin,4
388,jellyfish,10
388,giraffe,3
388,elephant,4
388,cheetah,4
388,mouse,2
388,tiger,5
388,liger,2
388,monkey,7
388,sloth,2
388,gorilla,5
388,ape,2
388,skunk,5
388,deer,2
388,turtle,12
388,squirrel,7
388,chipmunk,4
388,horse,9
388,pony,7
388,parrot,12
389,dog,2
389,cat,2
389,bird,1
389,fish,2
389,tiger,1
389,lion,2
389,giraffe,2
389,elk,3
389,caribou,1
389,seal,2
389,polarbear,2
389,whale,3
389,shark,2
389,brineshrimp,4
389,shrimp,1
389,lobster,2
389,crab,2
389,octopus,2
389,squid,2
389,barracuda,4
389,seahorse,2
389,dolphin,7
389,porpoise,3
389,tuna,4
389,salmon,2
389,bass,4
389,trout,1
389,tilapia,4
389,wolf,2
389,panther,6
389,jaguar,1
389,leopard,3
389,cheetah,3
389,elephant,2
389,camel,3
389,rhinoceros,4
389,hippopotamus,6
389,eagle,6
389,swan,2
389,alligator,3
389,crocodile,2
389,crow,5
389,hawk,2
389,deer,8
389,bear,1
389,blackbear,1
389,grizzly,4
389,chipmunk,3
389,groundhog,4
389,squirrel,3
389,mole,6
389,raccoon,3
389,rabbit,7
389,hare,1
389,pig,8
389,boar,3
389,cow,1
389,horse,2
389,chicken,6
390,dog,14
390,cat,1
390,parrot,3
390,mouse,1
390,hamster,2
390,alligator,3
390,anteater,3
390,owl,4
390,snake,4
390,frog,3
390,jaguar,3
390,leopard,2
390,tiger,2
390,cheetah,3
390,panther,3
390,zebra,2
390,giraffe,3
390,gazelle,4
390,lion,2
390,polarbear,4
390,penguin,3
390,tortoise,4
390,turtle,2
390,horse,8
390,sheep,2
390,pig,1
390,duck,4
390,chicken,3
390,cow,2
390,llama,4
390,bison,3
390,gerbil,11
390,sloth,8
390,elephant,5
390,wolf,5
390,moose,4
390,reindeer,2
390,gorilla,6
390,chimpanzee,5
390,kangaroo,7
390,koala,3
390,grizzly,6
390,panda,4
390,lemur,4
390,raccoon,3
390,opossum,3
390,chinchilla,22
391,dog,4
391,cat,2
391,bird,2
391,lion,3
391,tiger,2
391,monkey,2
391,ape,3
391,wolf,2
391,deer,2
391,squirrel,4
391,chipmunk,3
391,bear,24
391,zebra,9
391,giraffe,3
391,alligator,5
391,crocodile,4
391,cheetah,23
391,jaguar,5
391,cougar,5
391,coyote,5
391,snake,29
391,lizard,4
391,hippopotamus,22
391,rhinoceros,12
392,deer,4
392,snake,1
392,giraffe,4
392,turkey,2
392,dog,1
392,cat,1
392,owl,1
392,sheep,2
392,pig,1
392,horse,1
392,rat,6
392,mouse,3
392,lion,8
392,tiger,1
392,bear,2
392,alligator,5
392,crocodile,4
392,hippopotamus,4
392,wolf,5
392,fox,2
392,cow,4
392,pigeon,17
392,beetle,3
392,whale,4
392,shark,2
392,squid,2
392,octopus,3
392,bluegill,7
392,monkey,21
392,leopard,6
392,zebra,4
392,hamster,12
392,gerbil,4
392,fly,4
392,ant,3
392,bee,1
392,hornet,10
392,bronco,8
393,bear,4
393,cat,2
393,dog,1
393,tiger,2
393,lion,2
393,monkey,2
393,giraffe,2
393,elephant,3
393,turtle,2
393,fox,1
393,squirrel,3
393,chipmunk,4
393,deer,7
393,rabbit,5
393,bird,4
393,fish,3
393,dolphin,9
393,shark,2
393,raccoon,8
393,snake,13
393,hippopotamus,7
393,otter,3
393,horse,25
393,cow,4
393,groundhog,7
393,pig,1
393,mouse,60
394,cat,3
394,dog,1
394,fish,2
394,snake,2
394,lion,4
394,tiger,5
394,bear,1
394,turtle,6
394,moth,3
394,owl,3
394,frog,4
394,kitten,14
394,panther,26
394,polarbear,8
394,rabbit,22
394,hamster,4
394,toucan,13
394,bird,5
394,squirrel,14
394,rooster,32
394,crow,5
395,dog,5
395,cat,1
395,mouse,1
395,rat,2
395,hamster,3
395,rabbit,3
395,gerbil,1
395,alligator,7
395,giraffe,2
395,rhinoceros,4
395,elephant,3
395,woollymammoth,5
395,zebra,5
395,lion,3
395,tiger,2
395,blackbird,3
395,hawk,1
395,pigeon,3
395,cardinal,4
395,cub,7
395,kangaroo,3
395,flamingo,4
395,pheasant,2
395,pig,6
395,sheep,2
395,cow,1
395,horse,2
395,bull,2
395,duck,2
395,goose,3
395,hippopotamus,7
395,cheetah,5
395,bird,4
395,parrot,4
395,parakeet,3
395,monkey,2
395,gorilla,3
395,butterfly,8
395,ant,2
395,spider,2
395,bee,3
395,wasp,2
395,tarantula,3
395,lizard,2
395,gecko,1
395,snake,3
395,gardensnake,6
395,leopard,14
396,elephant,4
396,jaguar,2
396,panther,2
396,cat,2
396,dog,3
396,giraffe,3
396,lion,3
396,gazelle,3
396,rhino,3
396,bird,5
396,beetle,10
396,mongoose,3
396,platypus,7
396,kangaroo,4
396,buffalo,4
396,deer,2
396,turkey,2
396,mountainlion,15
396,goat,2
396,moose,4
396,cow,5
396,horse,1
396,wildebeest,8
396,ram,5
396,sheep,3
396,llama,6
396,alpaca,2
396,rat,5
396,mouse,3
396,caribou,7
396,zebra,3
396,koala,8
396,yak,9
396,gerbil,10
396,walrus,5
396,hippopotamus,1
396,tiger,4
396,bear,1
396,unicorn,16
397,mouse,4
397,dog,2
397,cat,1
397,fish,3
397,elephant,3
397,woollymammoth,4
397,cougar,4
397,wildcat,2
397,lion,2
397,tiger,3
397,jaguar,4
397,bear,2
397,rabbit,5
397,wolf,2
397,duck,3
397,eagle,3
397,goose,3
397,swan,3
397,bird,2
397,crow,4
397,hawk,2
397,owl,7
397,squirrel,7
397,giraffe,19
397,monkey,5
397,ape,2
397,whale,3
397,shark,3
397,dolphin,4
397,bunny,15
397,turtle,8
397,snake,2
397,turkey,4
397,chicken,2
397,rooster,3
397,hen,2
397,hamster,18
397,elk,9
397,deer,2
397,pigeon,12
398,cat,4
398,dog,1
398,rat,1
398,hamster,2
398,rooster,1
398,rabbit,4
398,toad,1
398,frog,2
398,gecko,5
398,snake,2
398,lizard,3
398,alligator,2
398,wombat,3
398,bat,1
398,spidermonkey,7
398,monkey,2
398,whale,1
398,zebra,7
398,cougar,3
398,lion,2
398,tiger,1
398,bear,1
398,squirrel,11
398,raccoon,2
398,crow,2
398,bird,2
398,jaguar,16
398,puma,6
398,blackmamba,3
398,crocodile,6
398,meerkat,14
398,gorilla,16
398,flamingo,5
398,devil,11
398,rhinoceros,8
398,hippopotamus,5
398,shark,9
398,penguin,10
474,bird,3
474,dog,2
474,cat,1
474,horse,1
474,cow,0
474,pig,9
474,donkey,1
474,elephant,1
474,monkey,2
474,bear,1
474,gorilla,1
474,tiger,3
474,lion,3
474,rat,2
474,mouse,3
474,snake,2
474,lizard,1
474,frog,4
474,hamster,9
474,fish,2
474,guineapig,3
474,rooster,4
474,chicken,1
474,turkey,3
474,ferret,27
474,parrot,3
474,shark,21
474,deer,36
474,moose,41
475,monkey,2
475,dog,1
475,cat,1
475,bird,1
475,lion,2
475,giraffe,2
475,pig,2
475,cow,1
475,seagull,3
475,fish,3
475,whale,3
475,shark,2
475,rat,3
475,mouse,0
475,worm,2
475,snake,5
475,spider,2
475,octopus,6
475,seal,7
475,dolphin,3
475,hawk,3
475,dinosaur,11
475,duck,10
475,quail,5
475,gerbil,6
475,hamster,2
475,turtle,4
475,frog,1
475,alligator,2
475,crocodile,2
475,bear,15
475,fox,2
475,wolf,2
475,rabbit,3
475,zebra,4
475,horse,9
475,hyena,9
475,tiger,3
475,elephant,4
475,chicken,6
475,possum,5
475,yak,11
475,tarantula,8
476,dog,4
476,cat,1
476,bird,2
476,fish,3
476,lion,3
476,giraffe,3
476,monkey,5
476,elephant,10
476,rat,13
476,mouse,4
476,guineapig,5
476,badger,10
476,possum,2
476,raccoon,4
476,deer,3
476,turkey,4
476,pig,1
476,horse,3
476,buffalo,28
476,antelope,3
476,alligator,4
476,crocodile,3
476,panther,10
476,wolf,3
476,moose,2
476,caribou,3
476,reindeer,6
476,polarbear,5
476,blackbear,5
476,muskrat,23
477,dog,4
477,cat,2
477,rat,2
477,mouse,3
477,tiger,4
477,bear,2
477,lion,5
477,cheetah,4
477,python,4
477,panther,4
477,zebra,5
477,giraffe,5
477,elephant,3
477,penguin,6
477,polarbear,9
477,panda,4
477,snake,4
477,gardensnake,7
477,snail,3
477,toad,8
477,frog,2
477,chameleon,9
477,lizard,4
477,slug,8
477,horse,6
477,camel,3
477,kangaroo,7
477,koala,6
477,shark,7
477,whale,2
477,goldfish,7
477,angelfish,4
477,salamander,18
477,spider,14
478,dog,3
478,cat,1
478,chicken,2
478,duck,2
478,elephant,3
478,mouse,3
478,hamster,5
478,sheep,3
478,moose,10
478,giraffe,3
478,monkey,2
478,fish,3
478,leopard,4
478,zebra,3
478,lizard,6
478,rabbit,4
478,chimpanzee,19
478,rat,11
478,tiger,28
478,bear,3
478,lion,3
478,gerbil,10
478,ferret,3
478,penguin,9
478,ostrich,4
478,polarbear,7
478,koala,4
478,deer,13
478,reindeer,2
478,goldfish,30
479,cat,2
479,dog,2
479,elephant,3
479,giraffe,2
479,monkey,3
479,gorilla,3
479,ape,1
479,chimpanzee,4
479,penguin,4
479,antelope,3
479,lion,3
479,tiger,3
479,grizzly,4
479,blackbear,4
479,seal,2
479,walrus,3
479,flamingo,6
479,peacock,5
479,squirrel,4
479,chipmunk,5
479,fish,5
479,starfish,3
479,seahorse,2
479,shark,6
479,killerwhale,5
479,clownfish,9
479,dalmation,9
479,sparrow,5
479,eagle,3
479,egret,4
479,bluefootedbooby,7
479,muskrat,9
479,possum,3
479,mole,3
479,raccoon,3
479,goose,2
479,duck,3
479,gulls,2
479,cow,7
479,horse,2
479,pig,2
479,sheep,5
479,ewe,1
479,lamb,3
479,wolf,4
479,leopard,8
480,dog,3
480,cat,1
480,ferret,2
480,lizard,4
480,panda,2
480,koala,3
480,seal,2
480,dolphin,4
480,fish,1
480,shark,1
480,whale,3
480,sealion,2
480,polarbear,4
480,blackbear,4
480,grizzly,4
480,fox,3
480,coyote,2
480,pig,7
480,cow,1
480,horse,3
480,duck,1
480,frog,2
480,snake,2
480,snail,2
480,turtle,2
480,fly,2
480,butterfly,3
480,tiger,9
480,groundhog,15
480,zebra,8
480,kangaroo,3
480,crab,4
480,lobster,4
480,possum,20
480,raccoon,4
480,squirrel,13
480,chipmunk,4
480,rabbit,4
480,jackrabbit,5
480,chinchilla,10
480,bat,6
480,gorilla,8
481,human,4
481,monkey,2
481,bird,2
481,frog,2
481,leopard,4
481,tiger,2
481,giraffe,3
481,elephant,3
481,gorilla,2
481,snake,2
481,fly,3
481,anteater,14
481,dog,11
481,cat,1
481,hamster,5
481,rat,3
481,mouse,2
481,turtle,4
481,guineapig,5
481,kangaroo,9
481,koala,2
481,chipmunk,4
481,squirrel,8
481,crocodile,12
481,alligator,1
481,liger,5
481,flamingo,15
481,seal,9
481,whale,2
481,goldfish,3
481,betta,6
481,clownfish,5
481,polarbear,7
481,brownbear,3
481,blackbear,6
481,panda,9
482,monkey,4
482,turtle,5
482,fish,2
482,dog,2
482,cat,1
482,pig,2
482,horse,2
482,cow,4
482,bull,1
482,chicken,5
482,turkey,3
482,hen,1
482,rooster,5
482,whale,7
482,shark,3
482,rabbit,18
482,lizard,29
482,snake,2
482,chick,5
482,mouse,4
482,rat,3
482,bear,42
482,gorilla,7
482,zebra,6
482,giraffe,4
482,lion,3
483,labradorretriever,9
483,cat,2
483,lion,3
483,tiger,2
483,elephant,9
483,rhino,5
483,bird,4
483,whale,5
483,fish,6
483,shark,1
483,hippopotamus,5
483,oyster,9
483,dolphin,11
483,horse,5
483,bobcat,9
483,grizzly,9
483,blackbear,4
483,human,4
483,wolverine,11
483,badger,3
483,snake,3
483,mole,8
483,manatee,18
483,goat,17
484,dog,3
484,cat,1
484,bird,3
484,horse,1
484,dolphin,8
484,shark,2
484,goldfish,4
484,snake,2
484,rabbit,3
484,ox,2
484,sheep,3
484,goat,2
484,cow,4
484,llama,5
484,bee,5
484,butterfly,7
484,giraffe,7
484,elephant,3
484,monkey,5
484,penguin,11
484,blowfish,7
484,zebra,8
484,lion,3
484,tiger,3
484,bear,1
484,donkey,6
484,alligator,6
484,crocodile,6
484,bluewhale,26
484,wolf,4
484,coyote,5
484,armadillo,10
484,spider,8
484,scorpion,7
485,bird,5
485,reptile,4
485,dinosaur,3
485,fish,15
485,bear,18
485,bee,11
485,insect,7
485,fly,8
485,cheetah,8
485,lion,2
485,leopard,14
485,mammal,4
485,whale,3
485,dolphin,4
485,elephant,12
485,chicken,4
485,horse,9
485,flamingo,8
485,eagle,11
485,ant,18
485,spider,4
485,zebra,7
486,zebra,4
486,wolf,1
486,duck,3
486,lion,2
486,rat,2
486,mole,3
486,giraffe,4
486,dog,2
486,labradorretriever,6
486,siberianhusky,4
486,malamute,4
486,chihuahua,4
486,crow,5
486,raven,3
486,monkey,6
486,ape,2
486,gorilla,6
486,chimpanzee,8
486,bat,13
486,parrot,2
486,bird,2
486,snake,5
486,python,2
486,anaconda,6
486,yak,4
486,llama,2
486,whale,8
486,dolphin,4
486,cow,7
486,bull,2
486,chicken,3
486,penguin,3
486,polarbear,4
486,seal,6
486,walrus,2
486,lamb,11
486,sheep,2
486,fish,1
486,pike,9
487,horse,3
487,cat,2
487,dog,2
487,jaguar,2
487,cougar,4
487,mouse,2
487,rat,1
487,gerbil,3
487,monkey,4
487,ape,7
487,gorilla,6
487,orangutan,7
487,parakeet,6
487,rabbit,6
487,guineapig,24
487,pig,2
487,spider,5
487,cow,5
487,donkey,4
487,squirrel,8
487,chipmunk,5
487,owl,6
487,deer,25
487,moose,5
487,elk,1
487,frog,3
487,toad,2
487,emu,3
487,elephant,3
487,woodpecker,5
487,woodchuck,3
487,quail,2
487,yak,2
488,dog,3
488,cat,0
488,bear,2
488,polarbear,2
488,monkey,1
488,fish,1
488,turtle,1
488,rabbit,5
488,ferret,4
488,bird,2
488,tiger,2
488,wolf,1
488,cheetah,4
488,moose,9
488,deer,2
488,goat,1
488,horse,2
488,lamb,1
488,llama,2
488,elephant,5
488,camel,4
488,gecko,10
488,bee,4
488,fly,2
488,bug,1
488,snake,3
488,worm,4
488,gopher,3
488,squirrel,4
488,crab,23
488,lobster,3
488,shrimp,1
488,tuna,2
488,lizard,24
488,whale,5
488,dolphin,1
488,shark,2
488,jellyfish,5
488,starfish,2
488,stingray,4
488,lion,9
488,zebra,8
488,mongoose,7
489,cat,4
489,squirrel,6
489,lion,5
489,zebra,2
489,giraffe,3
489,bear,4
489,tiger,2
489,hippopotamus,11
489,bird,6
489,lizard,4
489,snake,2
489,rabbit,12
489,raccoon,3
489,seal,10
489,penguin,3
489,dolphin,6
489,whale,2
489,shark,2
489,fish,2
489,goat,6
489,lamb,4
489,pig,4
489,chicken,3
489,cow,16
489,horse,8
489,donkey,4
489,octopus,14
489,starfish,10
489,monkey,7
490,pig,4
490,dog,2
490,cat,1
490,bird,1
490,turtle,2
490,hamster,1
490,crab,5
490,alligator,3
490,shark,3
490,tiger,1
490,bear,2
490,lizard,2
490,eagle,8
490,hyena,5
490,wolf,4
490,elephant,3
490,rhinoceros,6
490,giraffe,2
490,polarbear,5
490,grizzly,3
490,blackbear,4
490,boar,5
490,deer,1
490,hen,3
490,chicken,1
490,sheep,3
490,horse,2
490,coyote,12
490,opossum,9
490,monkey,5
490,ape,1
490,sloth,13
490,fish,4
490,frog,5
490,tadpole,3
490,octopus,11
490,treefrog,22
490,gerbil,14
491,cheetah,4
491,dog,2
491,lion,3
491,tiger,1
491,raccoon,3
491,squirrel,3
491,snake,2
491,bee,2
491,bug,1
491,fly,2
491,spider,7
491,mammal,4
491,monkey,2
491,whale,5
491,fish,3
491,crab,2
491,shark,4
491,elephant,8
491,anteater,9
491,dolphin,6
491,watersnake,7
491,bear,20
491,frog,3
491,hare,12
491,walrus,16
491,penguin,5
492,dog,4
492,cat,2
492,turtle,1
492,snake,2
492,bear,2
492,pig,2
492,cow,2
492,chicken,3
492,rat,2
492,mouse,2
492,hamster,6
492,kangaroo,3
492,giraffe,4
492,zebra,4
492,horse,7
492,gorilla,8
492,monkey,2
492,orangutan,4
492,whale,4
492,robin,3
492,bluejay,2
492,penguin,7
492,polarbear,6
492,flamingo,8
492,spider,6
492,bee,5
492,moth,3
492,fly,4
492,duck,6
492,swan,4
492,frog,2
492,lizard,12
492,komododragon,6
492,shark,3
492,goldfish,3
492,octopus,8
492,clownfish,6
492,starfish,4
492,coral,5
492,donkey,6
492,lion,13
493,dog,4
493,cat,1
493,rabbit,2
493,tiger,4
493,lion,1
493,bear,3
493,ostrich,4
493,giraffe,3
493,penguin,2
493,polarbear,2
493,raccoon,4
493,squirrel,3
493,monkey,5
493,chimpanzee,2
493,zebra,4
493,elephant,3
493,mongoose,2
493,goose,1
493,duck,2
493,pelican,17
493,fish,3
493,betta,4
493,dolphin,2
493,humpbackwhale,5
493,shark,9
493,coral,6
493,seahorse,7
493,octopus,6
493,horse,11
493,cow,1
493,pig,2
493,goat,17
493,sheep,1
493,woollymammoth,20
493,mountainlion,8
493,bengaltiger,4
493,kangaroo,15
494,dog,2
494,cat,2
494,bird,2
494,rat,1
494,mouse,1
494,lizard,3
494,snake,1
494,lion,2
494,giraffe,2
494,tiger,3
494,eagle,4
494,groundhog,6
494,opossum,5
494,parrot,14
494,bear,19
494,owl,2
494,alligator,12
494,gerbil,11
494,fish,2
494,shark,4
494,whale,4
494,jellyfish,5
494,bat,7
494,hippopotamus,12
494,cow,15
494,pig,3
494,chicken,5
494,horse,7
494,labradorretriever,30
495,cow,4
495,cheetah,3
495,bird,3
495,goldfish,4
495,toucan,2
495,dog,2
495,cat,3
495,squirrel,2
495,bat,7
495,elephant,6
495,flamingo,2
495,rhino,6
495,goat,12
495,horse,2
495,shark,17
495,human,2
495,fish,4
495,bass,4
495,eagle,4
495,stallion,4
495,cardinal,2
495,tiger,5
495,lion,1
495,pony,22
495,wildcat,28
495,wolverine,3
495,gull,6
495,rat,4
495,mouse,2
495,pheasant,6
495,snake,9
496,dog,9
496,cat,2
496,rabbit,8
496,owl,2
496,eagle,1
496,horse,2
496,cow,1
496,chicken,3
496,butterfly,5
496,pig,11
496,squirrel,6
496,bear,3
496,moose,1
496,whale,4
496,dolphin,4
496,walrus,4
496,squid,3
496,sponge,2
496,stingray,6
496,bluejay,4
496,oriole,7
496,cardinal,8
496,cub,3
496,kangaroo,3
496,deer,13
496,crow,5
496,worm,21
496,fly,4
496,groundhog,5
496,possum,3
496,frog,21
496,fish,1
496,turtle,7
497,dog,4
497,cat,2
497,fox,2
497,wolf,1
497,bear,4
497,squirrel,6
497,chipmunk,4
497,rabbit,2
497,horse,7
497,tiger,9
497,lion,2
497,cheetah,4
497,hippopotamus,15
497,crocodile,5
497,alligator,3
497,wolverine,5
497,jaguar,13
497,snake,3
497,gerbil,9
497,cow,12
497,hen,4
497,rooster,5
497,pig,2
497,goose,7
497,dolphin,43
497,whale,1
497,polarbear,9
498,skunk,4
498,giraffe,5
498,dog,2
498,cat,3
498,monkey,2
498,kangaroo,4
498,zebra,3
498,dinosaur,7
498,spider,4
498,snake,4
498,ant,2
498,bee,2
498,mosquito,8
498,bird,22
498,eagle,4
498,tiger,5
498,lion,3
498,bear,10
498,snowlion,8
498,devil,10
498,bunny,9
498,raccoon,4
498,deer,10
498,tarantula,13
498,squirrel,5
498,hamster,10
575,dog,5
575,cat,2
575,bird,1
575,tiger,5
575,lion,2
575,monkey,2
575,alligator,9
575,crocodile,3
575,giraffe,9
575,elephant,3
575,human,6
575,rabbit,12
575,fish,5
575,hamster,4
575,guineapig,3
575,mouse,14
575,raccoon,7
575,possum,5
575,squirrel,7
575,chipmunk,4
575,wolf,82
576,dog,2
576,cat,1
576,mouse,1
576,moose,1
576,cow,1
576,goldenmarmot,3
576,deer,2
576,stag,0
576,bull,2
576,frog,1
576,bird,3
576,eagle,1
576,sparrow,2
576,hawk,2
576,falcon,2
576,bear,2
576,wolverine,3
576,wolf,1
576,spider,1
576,grasshopper,3
576,fly,1
576,prayingmantis,1
576,beetle,2
576,owl,1
576,crane,3
576,tiger,2
576,lion,1
576,leopard,3
576,caribou,2
576,ox,1
576,gorilla,7
576,chimpanzee,1
576,orangutan,4
576,stickinsect,5
576,whale,4
576,dolphin,1
576,porpoise,2
576,manatee,2
576,stingray,3
576,eel,1
576,shark,1
576,makoshark,3
576,whaleshark,2
576,goldfish,3
576,betta,6
576,pillbug,15
576,ladybug,5
576,lemur,12
576,otter,2
576,ostrich,2
576,kiwi,3
576,rat,6
576,worm,4
576,leech,4
576,piranha,3
576,rabbit,16
576,doe,3
577,cheetah,4
577,dog,1
577,cat,1
577,mountainlion,5
577,seal,2
577,manatee,3
577,chimpanzee,3
577,raccoon,1
577,squirrel,3
577,chipmunk,4
577,turtle,2
577,gorilla,3
577,giraffe,2
577,snake,1
577,lion,5
577,fish,1
577,seahorse,3
577,octopus,2
577,mouse,10
577,rat,1
577,gerbil,2
577,hamster,2
577,chinchilla,4
577,deer,6
577,fox,3
577,opossum,4
577,rabbit,10
577,dolphin,8
577,whale,1
577,shark,2
577,starfish,5
577,alligator,4
577,crocodile,8
577,bird,1
577,crane,5
577,koi,5
577,leopard,3
577,mink,3
577,gazelle,2
577,zebra,2
577,tiger,3
577,bear,1
577,horse,13
577,elephant,7
577,walrus,9
577,turkey,7
577,pig,2
577,cow,1
578,cat,3
578,dog,1
578,bird,2
578,horse,2
578,fish,2
578,dinosaur,5
578,zebra,7
578,monkey,3
578,seal,1
578,dolphin,2
578,elephant,3
578,giraffe,4
578,shark,3
578,toad,2
578,frog,1
578,bear,8
578,wolf,2
578,moose,11
578,elk,4
578,sheep,3
578,lamb,1
578,cow,5
578,pig,1
578,chicken,2
578,bobcat,9
578,snake,23
578,alligator,3
578,crocodile,2
578,starfish,14
578,lion,13
578,tiger,3
578,gopher,21
578,beaver,3
578,possum,2
578,raccoon,3
578,rat,1
578,mouse,2
578,hamster,13
579,dog,3
579,pig,1
579,cat,1
579,deer,1
579,cow,2
579,monkey,4
579,fish,2
579,squirrel,5
579,skunk,3
579,rat,2
579,mouse,2
579,chicken,8
579,bird,2
579,shark,4
579,whale,3
579,bear,15
579,kangaroo,10
579,rabbit,4
579,possum,4
579,anteater,7
579,hippopotamus,4
579,bunny,24
579,parrot,6
579,chipmunk,36
579,bat,16
579,tiger,30
580,cat,3
580,dog,2
580,bird,1
580,kangaroo,5
580,bunny,1
580,alligator,3
580,crocodile,4
580,monkey,3
580,dolphin,2
580,shark,3
580,ostrich,3
580,bug,6
580,elephant,4
580,koala,2
580,bear,12
580,lion,2
580,tiger,2
580,deer,5
580,elk,2
580,buffalo,2
580,horse,2
580,pig,2
580,cow,1
580,duck,6
580,flamingo,5
580,snake,6
580,worm,2
580,parrot,3
580,hamster,3
580,gerbil,3
580,guineapig,6
580,whale,11
580,fish,2
580,rhinoceros,28
580,dinosaur,5
580,hippopotamus,10
580,lizard,16
581,cat,4
581,dog,1
581,opossum,3
581,deer,2
581,fish,4
581,raccoon,3
581,horse,4
581,skunk,4
581,shark,2
581,whale,4
581,dolphin,6
581,buffalo,5
581,chicken,2
581,cow,2
581,turkey,1
581,pig,2
581,goat,3
581,elephant,6
581,zebra,3
581,giraffe,2
581,penguin,3
581,monkey,4
581,cheetah,17
581,lion,4
581,tiger,9
581,bear,4
581,stingray,7
581,snake,5
581,lizard,3
581,gecko,2
581,chipmunk,8
581,squirrel,6
581,hawk,3
581,duck,32
581,goose,3
581,peacock,5
581,bat,4
582,cat,1
582,dog,2
582,fish,1
582,snake,2
582,snail,2
582,frog,2
582,bird,1
582,tiger,2
582,lion,2
582,puma,1
582,panther,2
582,zebra,4
582,crocodile,3
582,alligator,2
582,clam,4
582,slug,2
582,possum,12
582,raccoon,3
582,chipmunk,4
582,squirrel,2
582,skunk,3
582,deer,1
582,owl,3
582,bear,3
582,moose,4
582,anteater,14
582,muskrat,6
582,warthog,5
582,meerkat,7
582,hyena,5
582,buffalo,8
582,lemur,8
582,sloth,4
582,panda,5
582,koala,2
582,hamster,15
582,ferret,4
582,lizard,5
582,goose,28
583,dog,5
583,cat,1
583,fish,1
583,ferret,3
583,bird,1
583,gerbil,8
583,hamster,1
583,gorilla,4
583,monkey,2
583,snake,2
583,rat,1
583,rabbit,1
583,bunny,2
583,peacock,3
583,elephant,4
583,camel,1
583,alpaca,2
583,giraffe,6
583,okapi,6
583,hog,3
583,pig,1
583,horse,1
583,donkey,6
583,chicken,3
583,rooster,4
583,gecko,10
583,lizard,3
583,squirrel,2
583,chipmunk,6
583,mouse,2
583,chinchilla,8
583,rhinoceros,23
583,goat,9
583,sheep,2
583,hen,5
583,turtle,8
583,lion,23
583,tiger,2
583,bear,0
583,panther,4
584,dog,3
584,cat,1
584,puppy,2
584,colt,1
584,horse,4
584,kitten,2
584,cub,1
584,bear,2
584,spider,7
584,tarantula,3
584,blackwidow,2
584,lizard,4
584,salamander,3
584,snake,2
584,zebra,5
584,jaguar,2
584,lion,4
584,dinosaur,2
584,fish,3
584,hamster,4
584,dolphin,26
584,shark,1
584,whale,5
584,manatee,9
584,monkey,14
584,alligator,5
584,elephant,8
584,frog,2
584,goat,2
584,cow,1
584,donkey,9
584,possum,4
584,rhino,25
584,panda,6
584,gorilla,6
585,llama,4
585,cat,2
585,dog,2
585,moose,6
585,mouse,3
585,bird,7
585,cow,4
585,horse,4
585,pig,2
585,deer,2
585,squirrel,5
585,beaver,3
585,rooster,6
585,goat,4
585,chick,4
585,hen,1
585,lion,13
585,bear,1
585,tiger,3
585,rabbit,4
585,turtle,4
585,fox,10
585,sloth,8
585,manatee,7
585,whale,4
585,dolphin,4
585,gazelle,8
585,koala,8
585,kangaroo,6
585,monkey,4
585,chimpanzee,2
585,ape,2
585,wolf,16
585,elk,6
585,emu,3
585,ostrich,4
585,elephant,8
586,cat,3
586,dog,1
586,rabbit,1
586,bird,2
586,bear,2
586,horse,1
586,cheetah,2
586,panda,3
586,polarbear,3
586,dolphin,3
586,chimpanzee,3
586,gorilla,3
586,bonobo,3
586,lemur,10
586,elephant,3
586,rhino,2
586,hippopotamus,3
586,jaguar,4
586,shark,3
586,whale,2
586,snake,6
586,iguana,3
586,frog,2
586,turtle,2
586,lizard,5
586,chicken,5
586,cow,1
586,pig,3
586,tiger,1
586,lion,1
586,kangaroo,4
586,koala,3
586,platypus,3
586,giraffe,4
586,zebra,2
586,bat,4
586,sloth,21
586,fish,3
586,octopus,4
586,squid,7
586,stingray,2
586,toucan,8
586,parrot,3
586,gazelle,7
586,deer,3
586,raccoon,4
586,squirrel,2
586,chipmunk,2
586,possum,4
586,peacock,12
587,dog,4
587,cat,1
587,bird,1
587,lion,1
587,walrus,4
587,otter,2
587,turtle,2
587,shark,2
587,lamb,2
587,goose,1
587,pig,5
587,sheep,3
587,tiger,2
587,leopard,1
587,iguana,4
587,hamster,8
587,giraffe,5
587,monkey,3
587,baboon,1
587,rabbit,8
587,parakeet,7
587,zebra,7
587,cheetah,2
587,elephant,4
587,gazelle,9
587,prairiedog,10
587,boar,4
587,cow,5
587,moose,16
587,wolf,3
587,owl,35
587,lizard,6
587,orangutan,7
587,wolverine,12
588,dog,6
588,cat,1
588,bird,4
588,mouse,3
588,rat,3
588,gorilla,3
588,fish,3
588,bear,2
588,giraffe,3
588,bee,4
588,rabbit,9
588,dolphin,4
588,gerbil,22
588,beaver,7
588,spider,5
588,monkey,4
588,snake,2
588,panda,3
588,baboon,5
588,walrus,12
588,elephant,3
588,zebra,7
588,stingray,35
589,dog,2
589,cat,2
589,bird,2
589,bear,5
589,lion,3
589,tiger,4
589,monkey,3
589,chipmunk,3
589,skunk,2
589,cheetah,25
589,jaguar,5
589,raccoon,13
589,squirrel,10
589,rat,15
589,mouse,2
589,snake,1
589,frog,9
589,koala,18
589,fish,28
589,bat,2
589,spider,20
589,worm,3
589,butterfly,17
590,dog,2
590,cat,1
590,mouse,1
590,rat,2
590,horse,3
590,mule,2
590,giraffe,2
590,elephant,3
590,hippopotamus,5
590,eel,5
590,snake,2
590,cow,5
590,pig,1
590,fish,2
590,bird,2
590,frog,3
590,squirrel,8
590,raccoon,2
590,ferret,1
590,beaver,2
590,deer,4
590,crocodile,12
590,alligator,3
590,komododragon,3
590,fox,4
590,mosquito,5
590,monkey,6
590,gorilla,2
590,orangutan,5
590,human,8
590,bear,7
590,swan,5
590,shark,6
590,hummingbird,7
590,anaconda,5
590,turtle,5
590,dolphin,2
590,whale,2
590,polarbear,4
590,seal,1
590,tortoise,3
590,mongoose,5
590,reptile,16
590,panda,9
591,pig,2
591,horse,4
591,cow,2
591,duck,2
591,chicken,1
591,sheep,4
591,rooster,8
591,dog,2
591,cat,1
591,fish,3
591,goose,6
591,bluebird,3
591,bird,7
591,whale,8
591,dolphin,2
591,shark,4
591,elephant,7
591,zebra,1
591,cheetah,3
591,jaguar,5
591,lion,2
591,tiger,1
591,bear,1
591,monkey,5
591,hippopotamus,20
591,leopard,12
591,panther,1
591,bengaltiger,4
591,labradorretriever,15
591,vulture,9
591,rhino,9
591,rat,4
591,mouse,1
591,turkey,8
591,panda,8
591,hedgehog,8
592,dog,2
592,cat,2
592,rat,2
592,sheep,2
592,lamb,2
592,bird,1
592,guineapig,9
592,fish,2
592,shark,3
592,whale,2
592,emu,2
592,eel,4
592,pig,11
592,cow,1
592,spider,7
592,fly,1
592,mosquito,4
592,chicken,6
592,rooster,1
592,duck,4
592,goose,3
592,camel,12
592,monkey,4
592,chimpanzee,3
592,ostrich,5
592,elephant,3
592,lion,3
592,tiger,3
592,bear,2
592,deer,3
592,moose,1
592,cheetah,6
592,sponge,32
592,crow,4
592,horse,7
592,bull,2
592,ox,2
592,lizard,26
593,bear,3
593,lion,2
593,tiger,2
593,panda,4
593,polarbear,3
593,snake,1
593,eel,4
593,dolphin,3
593,whale,2
593,fish,1
593,bird,4
593,puma,6
593,dog,3
593,elephant,1
593,giraffe,4
593,okapi,3
593,gorilla,6
593,chimpanzee,6
593,bonobo,4
593,snowleopard,11
593,cheetah,7
593,sloth,6
593,wolf,4
593,fox,3
593,possum,4
593,raccoon,4
593,squirrel,5
593,groundhog,3
593,badger,3
593,chipmunk,6
593,rabbit,5
593,deer,6
593,swan,7
593,seal,5
593,sealion,3
593,manatee,9
593,alligator,8
593,crocodile,3
593,hippopotamus,2
593,zebra,3
593,gazelle,3
594,mouse,6
594,elephant,8
594,giraffe,2
594,frog,3
594,snake,2
594,hamster,4
594,gerbil,6
594,fish,2
594,turtle,3
594,lizard,3
594,squirrel,8
594,peacock,4
594,raccoon,4
594,possum,7
594,bird,6
594,lion,7
594,tiger,4
594,bear,3
594,deer,6
594,rabbit,4
594,monkey,7
594,hippopotamus,5
594,zebra,17
594,chipmunk,15
594,otter,22
594,seal,3
594,octopus,11
594,walrus,7
595,dog,2
595,cat,2
595,elephant,3
595,ant,1
595,gerbil,3
595,rabbit,2
595,pig,3
595,cow,1
595,chicken,2
595,flamingo,2
595,penguin,3
595,bird,4
595,squirrel,3
595,bear,1
595,lion,2
595,tiger,1
595,ostrich,4
595,chipmunk,5
595,bat,3
595,snail,2
595,mouse,3
595,rat,1
595,snake,3
595,grasshopper,4
595,anteater,4
595,hog,2
595,rhinoceros,7
595,giraffe,3
595,camel,1
595,donkey,3
595,horse,1
595,pigeon,4
595,cougar,5
595,leopard,2
595,zebra,2
595,seal,5
595,whale,2
595,dolphin,2
595,cricket,7
595,beetle,5
595,junebug,2
595,fox,7
595,goldfinch,8
595,bee,3
595,mosquito,5
595,lizard,5
595,chameleon,7
595,butterfly,7
595,moth,2
595,wasp,5
596,dolphin,6
596,cat,2
596,dog,1
596,lion,6
596,tiger,1
596,bear,1
596,giraffe,5
596,elephant,2
596,zebra,5
596,fish,3
596,whale,2
596,starfish,4
596,turtle,3
596,octopus,11
596,seahorse,5
596,bat,3
596,bird,2
596,bee,1
596,hamster,7
596,gerbil,5
596,seagull,9
596,mouse,11
596,rat,3
596,alligator,5
596,worm,7
596,snake,1
596,squirrel,12
596,chipmunk,11
596,horse,33
596,camel,15
597,lion,3
597,zebra,2
597,salamander,3
597,pig,1
597,cow,2
597,rooster,2
597,hen,1
597,duck,1
597,bird,3
597,hippopotamus,4
597,giraffe,3
597,monkey,2
597,gorilla,2
597,fly,10
597,dog,11
597,cat,1
597,parakeet,7
597,frog,6
597,snake,10
597,bobcat,7
597,cheetah,2
597,rhino,1
597,panther,7
597,hyena,7
597,turtle,8
597,rabbit,3
597,moth,16
597,butterfly,5
597,human,5
597,dolphin,18
597,polarbear,3
597,grizzly,2
597,mountainbear,3
597,owl,7
597,orangutan,16
598,dog,4
598,cat,1
598,bear,2
598,lion,2
598,tiger,3
598,rabbit,3
598,fox,1
598,deer,1
598,flamingo,3
598,emu,0
598,bird,2
598,parrot,2
598,hamster,2
598,gerbil,3
598,parakeet,1
598,lizard,2
598,frog,3
598,snake,1
598,shark,2
598,dolphin,3
598,goldfish,4
598,fish,4
598,leopard,7
598,cheetah,3
598,zebra,2
598,hippopotamus,5
598,elephant,2
598,gorilla,1
598,turtle,6
598,snail,2
598,spider,12
598,crocodile,5
598,penguin,5
598,polarbear,2
598,giraffe,12
598,squirrel,20
598,chimpanzee,22
598,tarantula,6
598,seal,14
598,walrus,8
677,dog,3
677,cat,2
677,rabbit,3
677,mouse,4
677,bird,8
677,giraffe,7
677,elephant,4
677,lion,4
677,tiger,2
677,bear,2
677,pig,8
677,cow,3
677,horse,6
677,sheep,4
677,llama,4
677,possum,8
677,skunk,4
677,deer,14
677,monkey,6
677,parrot,5
677,bull,38
677,squirrel,74
678,dog,4
678,cat,1
678,cow,1
678,bird,2
678,ant,4
678,pig,6
678,crow,4
678,bluejay,8
678,cardinal,9
678,bear,6
678,blackbear,5
678,brownbear,3
678,lion,4
678,antlion,6
678,fish,5
678,bluegill,8
678,turtle,5
678,frog,2
678,tiger,6
678,zebra,25
678,horse,4
678,donkey,6
678,spider,7
678,platypus,20
678,salmon,13
678,hamster,14
679,dog,3
679,cat,1
679,bear,2
679,rat,6
679,monkey,3
679,tiger,8
679,elephant,3
679,cow,29
679,mule,3
679,horse,6
679,rabbit,3
679,kangaroo,4
679,chimpanzee,9
679,gorilla,6
679,rhino,12
679,deer,10
679,lion,5
679,baboon,25
679,pig,3
679,sheep,3
679,goat,3
679,buffalo,10
679,bull,42
680,cat,3
680,dog,2
680,fish,3
680,cow,4
680,pig,2
680,horse,2
680,bear,2
680,lamb,5
680,chicken,10
680,frog,4
680,cheetah,2
680,jaguar,7
680,platypus,4
680,kangaroo,8
680,wallaby,5
680,alligator,11
680,deer,17
680,moose,4
680,duck,2
680,wolf,5
680,fox,3
680,quail,9
680,finch,3
680,bacterium,5
680,whale,13
680,octopus,9
680,coral,9
680,lion,10
680,tiger,2
680,liger,24
681,dog,2
681,cat,1
681,bird,1
681,elephant,2
681,lion,1
681,tiger,1
681,pig,3
681,guineapig,2
681,chick,2
681,cub,2
681,bear,1
681,dolphin,6
681,kangaroo,3
681,owl,2
681,robin,3
681,sparrow,2
681,falcon,2
681,eagle,2
681,pigeon,3
681,dove,1
681,duck,2
681,penguin,1
681,emu,3
681,ostrich,1
681,giraffe,2
681,wolf,7
681,cougar,3
681,panther,2
681,snake,2
681,boaconstrictor,5
681,gecko,1
681,lizard,3
681,spider,4
681,ant,2
681,rabbit,4
681,hare,3
681,toad,4
681,frog,2
681,turtle,6
681,fish,2
681,clownfish,3
681,whale,1
681,walrus,4
681,dodo,2
681,koala,4
681,wallaby,2
681,rooster,9
681,chicken,2
681,turkey,3
681,platypus,15
681,porpoise,8
681,goose,9
681,moose,2
681,deer,2
681,doe,2
681,buck,2
682,dog,3
682,cat,1
682,mouse,1
682,giraffe,2
682,zebra,1
682,lion,1
682,antelope,2
682,tiger,5
682,bear,1
682,meerkat,5
682,baboon,5
682,gorilla,2
682,parrot,20
682,parakeet,3
682,dove,6
682,snake,5
682,rabbit,2
682,mongoose,3
682,penguin,4
682,polarbear,3
682,insect,16
682,squirrel,11
682,chipmunk,3
682,groundhog,11
682,shark,9
682,whale,2
682,fish,2
682,coral,6
682,horse,7
682,moose,4
682,deer,1
682,elk,4
682,reindeer,1
682,spider,18
683,dog,2
683,cat,1
683,elephant,4
683,capybara,2
683,aardvark,4
683,crocodile,5
683,alligator,3
683,rhinoceros,4
683,platypus,4
683,duck,2
683,goose,2
683,squirrel,4
683,peacock,2
683,macaw,3
683,spidermonkey,8
683,monkey,4
683,gorilla,3
683,unicorn,5
683,horse,2
683,cow,2
683,chicken,3
683,salamander,8
683,whale,1
683,dolphin,3
683,komododragon,7
683,robin,11
683,grizzly,8
683,blackbear,2
683,brownbear,4
683,mink,1
683,leopard,5
683,panther,2
683,ocelot,1
683,bobcat,2
683,giraffe,3
683,polarbear,9
683,penguin,2
683,seal,2
683,walrus,2
683,narwhal,13
683,jaguar,14
683,tapir,5
683,redrumpedagouti,8
684,dog,2
684,cat,1
684,parrot,2
684,parakeet,2
684,nightingale,5
684,blackbird,2
684,finch,2
684,woodpecker,3
684,cow,2
684,pig,1
684,horse,3
684,goat,3
684,sheep,2
684,duck,5
684,goose,3
684,mule,2
684,chicken,8
684,lion,3
684,tiger,3
684,bear,1
684,zebra,4
684,monkey,2
684,orangutan,3
684,anteater,3
684,meerkat,5
684,prairiedog,4
684,eagle,7
684,cheetah,16
684,antelope,2
684,ant,1
684,spider,2
684,snake,1
684,scorpion,3
684,ostrich,3
684,llama,1
684,goldfish,6
684,starfish,3
684,dolphin,3
684,whale,1
684,octopus,4
684,stingray,4
684,clownfish,3
684,turtle,2
684,koala,3
684,panda,4
684,crawfish,7
684,catfish,2
684,raccoon,2
684,possum,3
684,deer,3
684,turkey,3
684,hippopotamus,13
686,dog,3
686,cat,3
686,fish,2
686,sheep,4
686,cow,2
686,pig,2
686,horse,5
686,tiger,2
686,lion,3
686,bear,2
686,monkey,2
686,hippopotamus,15
686,giraffe,7
686,deer,4
686,elephant,17
686,whale,11
686,dolphin,4
686,seal,4
686,moose,41
686,zebra,14
686,bird,29
686,rabbit,11
687,bear,2
687,wolf,2
687,raccoon,2
687,starfish,2
687,clownfish,4
687,whale,3
687,shark,1
687,hammerheadshark,4
687,whaleshark,4
687,piranha,2
687,cougar,3
687,jaguar,1
687,cheetah,2
687,panther,5
687,leopard,2
687,wasp,4
687,human,2
687,gorilla,6
687,chimpanzee,4
687,spidermonkey,5
687,hornet,3
687,lemur,3
687,polarbear,4
687,blackbear,2
687,squirrel,5
687,turtle,3
687,tortoise,1
687,chipmunk,4
687,owl,9
687,sparrow,4
687,cardinal,2
687,oriole,2
687,kangaroo,2
687,zebra,2
687,mule,2
687,horse,3
687,pig,6
687,chicken,2
687,turkey,4
687,goat,7
687,sheep,8
687,grasshopper,6
687,prayingmantis,7
687,tick,8
687,mosquito,3
687,flea,2
687,cat,4
687,pembrokewelshcorgi,11
687,caiman,27
688,dog,4
688,cat,1
688,fish,1
688,bird,2
688,flamingo,3
688,monkey,1
688,lion,1
688,tiger,2
688,bear,3
688,hawk,1
688,moose,2
688,deer,1
688,mongoose,3
688,platypus,4
688,lizard,10
688,frog,1
688,alligator,5
688,crocodile,2
688,lemur,3
688,sealion,7
688,walrus,2
688,whale,2
688,shark,1
688,eel,7
688,gazelle,4
688,cheetah,2
688,leopard,5
688,panther,2
688,mountainlion,4
688,puma,6
688,squirrel,9
688,chipmunk,4
688,rabbit,2
688,rat,1
688,mouse,1
688,hamster,5
688,guineapig,3
688,pig,2
688,goat,1
688,sheep,1
688,lamb,1
688,horse,2
688,cow,2
688,chicken,2
688,turkey,3
688,rooster,10
688,spider,4
688,snake,3
688,scorpion,5
688,orangutan,15
688,polarbear,11
688,goose,11
689,bear,4
689,cat,2
689,dog,1
689,cougar,2
689,panther,1
689,tiger,2
689,wildcat,4
689,monkey,8
689,gorilla,3
689,snake,2
689,human,4
689,bird,10
689,pigeon,10
689,lion,11
689,jaguar,8
689,buck,16
689,horse,1
689,goat,1
689,chicken,3
689,cow,2
689,pig,3
689,duck,3
689,piglet,7
689,hog,5
689,hen,11
689,goose,5
689,squirrel,16
689,rooster,6
689,boar,13
689,mountainlion,11
690,cat,8
690,dog,1
690,bear,7
690,rabbit,3
690,elephant,9
690,beaver,5
690,cow,6
690,horse,2
690,fox,12
690,wolf,2
690,mouse,19
690,lamb,34
690,kitten,25
690,sheep,29
691,cat,3
691,dog,3
691,alligator,4
691,rabbit,3
691,pigeon,2
691,spider,3
691,lamb,4
691,cow,1
691,horse,2
691,pig,3
691,elephant,3
691,sheep,2
691,bull,2
691,chicken,3
691,rooster,3
691,hen,3
691,crocodile,3
691,ostrich,4
691,giraffe,4
691,penguin,5
691,tiger,1
691,lion,3
691,bear,2
691,polarbear,4
691,snowleopard,5
691,owl,2
691,bird,5
691,vulture,5
691,grasshopper,5
691,cricket,3
691,snake,3
691,snail,3
691,sponge,3
691,crab,3
691,shrimp,3
691,bass,3
691,clownfish,5
691,clam,3
691,oyster,2
691,monkey,4
691,iguana,3
691,lizard,2
691,chameleon,6
691,tarantula,5
691,mosquito,4
691,betta,6
691,rhino,5
691,hippopotamus,3
691,killerwhale,6
691,greatwhiteshark,8
692,kangaroo,5
692,monkey,4
692,panda,2
692,bear,1
692,insect,5
692,fish,3
692,alligator,4
692,crocodile,8
692,shark,4
692,cat,5
692,dog,2
692,mouse,2
692,rat,2
692,tiger,2
692,lion,3
692,giraffe,3
692,bird,4
692,hawk,4
692,snake,8
692,hamster,4
692,gerbil,4
692,guineapig,3
692,pig,3
692,goat,1
692,horse,2
692,chicken,7
692,turkey,3
692,cow,3
692,jaguar,13
692,panther,6
692,leopard,4
692,whale,9
692,vulture,4
692,quail,2
692,eagle,6
692,rattlesnake,11
692,tarantula,14
692,ostrich,10
693,dog,6
693,cat,1
693,ferret,4
693,mouse,2
693,rat,1
693,hamster,9
693,goat,1
693,chicken,2
693,cow,2
693,duck,3
693,goose,3
693,turkey,2
693,pig,3
693,lamb,5
693,sheep,3
693,fish,2
693,seal,4
693,shark,2
693,dolphin,3
693,penguin,11
693,monkey,2
693,turtle,1
693,tortoise,2
693,frog,2
693,gopher,7
693,tiger,2
693,mule,6
693,camel,3
693,giraffe,5
693,lion,3
693,groundhog,10
693,zebra,5
693,ostrich,3
693,bird,2
693,snake,4
693,chipmunk,10
693,squirrel,4
693,jaguar,10
693,platypus,2
693,crocodile,7
693,skunk,18
694,dog,2
694,cat,1
694,bird,2
694,fish,2
694,parrot,3
694,akita,2
694,greatdane,4
694,shihtzu,4
694,greyhound,5
694,siamesecat,4
694,parakeet,4
694,cockatiel,5
694,shark,5
694,catfish,3
694,whale,3
694,elephant,3
694,monkey,2
694,walrus,4
694,jellyfish,12
694,crocodile,5
694,stingray,2
694,alligator,2
694,marmoset,4
694,mountainlion,6
694,lion,1
694,tiger,2
694,bear,1
694,colt,2
694,horse,2
694,antelope,5
694,polarbear,7
694,blackbear,5
694,brownbear,4
694,grizzly,4
694,panda,3
694,seal,6
694,ferret,20
694,gazelle,4
694,buffalo,4
694,hyena,8
694,rat,4
694,pig,1
694,cattle,3
695,dog,1
695,cat,1
695,lion,1
695,tiger,1
695,bear,2
695,zebra,3
695,ostrich,2
695,panda,2
695,monkey,3
695,ape,1
695,gorilla,4
695,chimpanzee,3
695,bird,3
695,bat,2
695,groundhog,6
695,dingo,1
695,elephant,5
695,giraffe,3
695,walrus,2
695,manatee,1
695,seal,2
695,whale,3
695,pelican,3
695,heron,2
695,turtle,6
695,fish,5
695,salmon,2
695,shrimp,2
695,crawfish,3
695,otter,2
695,beaver,2
695,deer,8
695,moose,3
695,goose,3
695,hummingbird,17
695,squirrel,5
695,chipmunk,3
695,ant,6
695,human,5
695,crab,26
695,lobster,2
695,eagle,12
695,crane,12
696,dog,3
696,cat,0
696,fish,1
696,bird,2
696,squirrel,10
696,penguin,3
696,mouse,3
696,rat,1
696,skunk,3
696,whale,6
696,dolphin,3
696,elephant,5
696,rhinoceros,3
696,peacock,4
696,pig,1
696,horse,4
696,cow,1
696,chicken,4
696,hamster,4
696,guineapig,3
696,ferret,3
696,snake,3
696,frog,2
696,snail,3
696,octopus,5
696,giraffe,2
696,bear,2
696,lion,1
696,tiger,2
696,leopard,9
696,cheetah,10
696,alligator,13
696,cougar,6
696,duck,6
696,goose,2
696,fly,8
696,gerbil,13
696,polarbear,34
697,dog,8
697,cat,4
697,dolphin,4
697,bird,3
697,giraffe,8
697,bear,2
697,kangaroo,7
697,monkey,5
697,zebra,8
697,jaguar,6
697,lion,5
697,snake,8
697,whale,15
697,chimpanzee,15
697,buffalo,38
697,deer,4
697,mouse,6
698,dog,2
698,cat,1
698,fish,2
698,elephant,5
698,rhinoceros,7
698,squirrel,4
698,rabbit,1
698,chipmunk,2
698,labradorretriever,7
698,bloodhound,5
698,bird,1
698,parrot,2
698,crow,2
698,parakeet,3
698,goldfish,11
698,horse,1
698,deer,4
698,bear,2
698,raccoon,1
698,skunk,11
698,groundhog,2
698,mole,2
698,hedgehog,2
698,rat,6
698,mouse,1
698,bee,9
698,fly,2
698,cockroach,6
698,bluegill,3
698,bass,1
698,cardinal,9
698,colt,2
698,oriole,8
698,dolphin,2
698,whale,7
698,manatee,8
698,beaver,36
779,penguin,3
779,bear,1
779,polarbear,3
779,toucan,2
779,hummingbird,3
779,ostrich,2
779,sloth,3
779,orangutan,7
779,monkey,2
779,tiger,2
779,lion,3
779,dog,10
779,cat,2
779,fish,1
779,zebra,1
779,llama,2
779,pig,1
779,cow,2
779,rooster,1
779,lamb,3
779,sheep,1
779,pelican,10
779,cougar,3
779,barracuda,2
779,horse,3
779,jaguar,4
779,siberianhusky,11
779,falcon,6
779,deer,1
779,stag,3
779,parrot,17
779,turtle,4
779,kangaroo,2
779,koala,4
779,emu,4
779,shark,11
779,dolphin,5
779,crow,15
779,rabbit,8
779,leopard,12
780,cow,2
780,dog,1
780,cat,1
780,elephant,2
780,horse,1
780,bird,2
780,frog,1
780,turtle,3
780,chicken,2
780,duck,1
780,sheep,2
780,goat,1
780,calf,5
780,mouse,5
780,rat,2
780,possum,6
780,chipmunk,3
780,squirrel,2
780,wolf,4
780,coyote,4
780,cheetah,2
780,lion,1
780,tiger,1
780,bear,3
780,panda,1
780,koala,5
780,penguin,5
780,ferret,5
780,orangutan,10
780,gorilla,2
780,monkey,3
780,rhino,1
780,giraffe,5
780,parrot,10
780,goose,3
780,fish,2
780,dolphin,6
780,kitten,4
780,hyena,9
780,rooster,8
780,pig,2
780,hen,11
780,grizzly,17
780,leopard,45
781,cat,5
781,dog,2
781,horse,3
781,sheep,4
781,wolf,1
781,pig,6
781,giraffe,6
781,monkey,4
781,chimpanzee,3
781,koala,6
781,kangaroo,4
781,tiger,4
781,lion,2
781,gorilla,2
781,bird,4
781,snake,2
781,crocodile,6
781,alligator,4
781,boaconstrictor,6
781,rat,4
781,mouse,2
781,rabbit,23
781,cow,2
781,chicken,13
781,chick,7
781,eagle,6
781,guineapig,21
781,hamster,3
781,liger,20
781,fox,30
782,cat,3
782,dog,5
782,bird,2
782,mouse,3
782,elephant,6
782,goat,8
782,lamb,4
782,monkey,5
782,bull,3
782,walrus,14
782,dolphin,2
782,whale,2
782,fish,3
782,squid,12
782,frog,5
782,snake,3
782,hippopotamus,17
782,shark,9
782,horse,18
782,tiger,12
782,lion,2
782,panther,8
782,wildcat,8
782,cow,26
783,elephant,11
783,cat,1
783,dog,3
783,bird,2
783,lion,7
783,tiger,3
783,cheetah,5
783,kangaroo,10
783,peacock,8
783,monkey,5
783,donkey,4
783,owl,9
783,lizard,5
783,snake,5
783,rat,19
783,bear,8
783,polarbear,5
783,squirrel,6
783,crocodile,33
783,fish,4
783,whale,3
783,shark,4
783,zebra,17
783,giraffe,6
784,dog,3
784,cat,1
784,bunny,2
784,rabbit,2
784,bird,1
784,elephant,2
784,panda,1
784,polarbear,3
784,giraffe,2
784,raccoon,4
784,boar,2
784,chicken,4
784,rooster,2
784,turkey,4
784,mouse,6
784,crab,3
784,lobster,2
784,dolphin,3
784,whale,1
784,rhino,12
784,hippopotamus,3
784,chimpanzee,6
784,gorilla,2
784,ant,4
784,bee,1
784,fly,1
784,grizzly,11
784,fish,2
784,ferret,12
784,gopher,7
784,groundhog,10
784,frog,7
784,toad,2
784,koala,16
784,kangaroo,4
784,shark,6
784,barracuda,4
784,turtle,4
784,goat,20
785,cat,2
785,dog,1
785,bird,1
785,parrot,3
785,parakeet,3
785,duck,4
785,goose,1
785,cow,6
785,pig,5
785,horse,6
785,frog,9
785,lizard,4
785,gecko,3
785,axolotl,13
785,snake,3
785,barracuda,3
785,squid,4
785,octopus,2
785,lobster,3
785,scallop,4
785,clam,1
785,crab,2
785,eel,2
785,monkey,13
785,ape,3
785,mosquito,8
785,insect,1
785,fly,1
785,leech,12
785,chicken,5
785,hen,2
785,rooster,2
785,mule,3
785,ox,1
785,panther,16
785,mountainlion,3
785,lion,3
785,elephant,2
785,leopard,10
785,cheetah,2
785,zebra,2
785,moose,2
785,mouse,4
786,dog,3
786,cat,2
786,cow,1
786,pig,2
786,horse,1
786,goat,6
786,sheep,3
786,frog,8
786,fish,1
786,dolphin,6
786,shark,1
786,whale,3
786,crab,2
786,lobster,2
786,otter,4
786,sealion,6
786,lion,2
786,cheetah,3
786,tiger,2
786,monkey,3
786,snake,4
786,panther,4
786,bear,1
786,chicken,21
786,hen,4
786,human,7
786,iguana,18
786,alligator,6
786,hippopotamus,1
786,antelope,9
786,buffalo,3
786,panda,11
786,koala,19
786,kangaroo,9
787,cat,3
787,dog,3
787,mouse,1
787,rat,2
787,human,3
787,elephant,5
787,horse,4
787,donkey,2
787,tiger,2
787,bear,2
787,polarbear,3
787,lion,6
787,camel,3
787,cobra,4
787,snake,4
787,viper,4
787,cow,4
787,ox,1
787,bull,2
787,bat,2
787,bird,3
787,hawk,4
787,wolf,9
787,jaguar,7
787,puma,3
787,fish,9
787,seahorse,5
787,starfish,4
787,seal,8
787,hen,7
787,chicken,5
787,goose,2
787,duck,3
787,pig,5
787,lamb,5
787,goat,2
787,sheep,4
787,giraffe,12
787,sealion,17
788,frog,4
788,toad,2
788,monkey,3
788,dog,1
788,cat,1
788,giraffe,3
788,lion,3
788,tiger,2
788,bear,2
788,lynx,2
788,elephant,8
788,spider,13
788,snake,6
788,lizard,4
788,dinosaur,4
788,rabbit,8
788,deer,1
788,squirrel,3
788,bird,2
788,goat,11
788,pig,3
788,kangaroo,10
788,anteater,5
788,bat,3
788,rat,4
788,whale,6
788,shark,4
788,octopus,6
788,dolphin,7
788,starfish,4
788,horse,5
788,seahorse,5
788,cow,3
788,cougar,10
788,cheetah,4
788,fish,20
789,dog,7
789,cat,1
789,rabbit,5
789,fox,2
789,squirrel,5
789,duck,4
789,chicken,4
789,turkey,2
789,cow,3
789,horse,2
789,pig,1
789,rooster,4
789,bear,9
789,lion,2
789,cheetah,4
789,panther,3
789,elephant,2
789,kangaroo,3
789,giraffe,3
789,rhinoceros,10
789,monkey,10
789,hamster,11
789,mole,6
789,wolf,4
789,tiger,7
789,cattle,6
789,koala,15
789,beaver,35
790,dog,3
790,cat,1
790,bird,1
790,tiger,3
790,elephant,2
790,mouse,2
790,monkey,3
790,lion,2
790,giraffe,5
790,hippopotamus,4
790,zebra,3
790,horse,1
790,cow,3
790,chicken,2
790,rooster,2
790,pig,2
790,hen,2
790,kangaroo,11
790,bear,2
790,ape,4
790,bat,3
790,fish,1
790,whale,6
790,snake,1
790,hog,6
790,moose,11
790,deer,2
790,skunk,4
790,hamster,8
790,goat,16
790,llama,5
790,anteater,15
790,yak,12
790,buffalo,3
790,ostrich,9
790,flamingo,8
790,owl,2
790,panda,23
791,penguin,5
791,giraffe,2
791,dog,4
791,cat,2
791,snake,5
791,mouse,2
791,rat,1
791,spider,6
791,centipede,3
791,bird,5
791,flamingo,3
791,turtle,7
791,fish,2
791,snail,3
791,butterfly,4
791,caterpillar,4
791,horse,8
791,pony,1
791,donkey,3
791,goat,3
791,pig,5
791,duck,1
791,goose,3
791,rabbit,10
791,monkey,7
791,lion,3
791,tiger,2
791,bear,3
791,whale,7
791,dolphin,2
791,lobster,21
791,cow,6
791,chicken,5
791,lamb,5
791,sheep,5
791,reptile,29
792,dog,3
792,cat,1
792,lion,2
792,tiger,1
792,bear,2
792,fish,4
792,bird,3
792,eagle,3
792,snake,6
792,spider,4
792,gorilla,4
792,monkey,3
792,elephant,3
792,rat,11
792,mouse,2
792,zebra,6
792,horse,2
792,pig,1
792,rooster,3
792,chicken,2
792,cow,1
792,donkey,4
792,frog,4
792,toad,3
792,tick,8
792,flea,2
792,gnat,2
792,llama,7
792,gazelle,3
792,raccoon,4
792,deer,2
792,buck,3
792,bat,10
792,wolf,7
792,cougar,8
792,mountainlion,3
792,buffalo,4
792,boar,6
792,panther,9
792,colt,5
792,grizzly,31
793,wolf,3
793,fox,3
793,dog,3
793,rabbit,2
793,squirrel,6
793,chipmunk,4
793,woodpecker,7
793,finch,7
793,tiger,2
793,elephant,2
793,lion,3
793,hippopotamus,3
793,rhinoceros,4
793,zebra,13
793,snake,3
793,scorpion,3
793,lizard,6
793,parrot,5
793,human,12
793,cat,4
793,panther,4
793,puma,1
793,cougar,3
793,jaguar,7
793,kangaroo,9
793,cow,4
793,bull,2
793,horse,3
793,chicken,4
793,rooster,6
793,sheep,18
793,lamb,5
793,eagle,4
793,hawk,2
793,siamesecat,41
794,dog,5
794,cat,1
794,tiger,6
794,lion,1
794,elephant,2
794,giraffe,8
794,bird,5
794,cheetah,17
794,gazelle,6
794,deer,2
794,moose,2
794,cow,7
794,pig,2
794,chicken,3
794,duck,2
794,squirrel,3
794,chimpanzee,10
794,monkey,2
794,baboon,2
794,gorilla,2
794,shark,9
794,whale,2
794,salmon,3
794,shrimp,4
794,lobster,3
794,stingray,5
794,manatee,2
794,crab,4
794,flounder,9
794,catfish,2
794,tilapia,5
794,swordfish,8
794,snake,19
794,mouse,4
794,rat,2
794,bat,2
794,alligator,24
795,tiger,2
795,bear,1
795,koala,3
795,dog,2
795,cat,1
795,bird,1
795,squirrel,4
795,chipmunk,2
795,possum,3
795,monkey,3
795,lion,1
795,whale,8
795,shark,0
795,fish,3
795,dolphin,1
795,seahorse,7
795,bug,4
795,lizards,10
795,snake,3
795,fox,17
795,deer,1
795,moose,2
795,buffalo,3
795,owl,5
795,rabbit,3
795,iguana,3
795,anteater,6
795,elephant,4
795,gazelle,2
795,newt,13
795,giraffe,5
795,ostrich,3
795,okapi,3
795,chicken,7
795,cow,2
795,pig,2
795,horse,2
795,hedgehog,13
795,porcupine,5
795,seamonkey,15
795,caterpillar,15
796,dog,2
796,cat,1
796,fish,1
796,zebra,3
796,lion,2
796,tiger,1
796,bear,1
796,poodle,5
796,scorpion,4
796,spider,3
796,alligator,8
796,monkey,1
796,ape,3
796,frog,5
796,butterfly,4
796,bird,1
796,cardinal,2
796,iguana,5
796,turtle,9
796,rabbit,2
796,wolf,3
796,groundhog,5
796,squirrel,3
796,chihuahua,16
796,bulldog,3
796,bullfrog,1
796,dinosaur,16
796,crawfish,10
796,hamster,12
796,guineapig,4
796,pig,0
796,cow,5
796,bull,9
797,bear,3
797,lion,2
797,tiger,2
797,beaver,2
797,frog,2
797,tadpole,3
797,butterfly,5
797,caterpillar,3
797,rabbit,4
797,kangaroo,3
797,cow,5
797,horse,2
797,chicken,5
797,pig,2
797,rooster,3
797,duck,2
797,fish,1
797,whale,2
797,polarbear,2
797,grizzly,4
797,kodiakbear,6
797,seal,1
797,dolphin,8
797,penguin,9
797,minnow,7
797,spider,7
797,komododragon,10
797,rattlesnake,4
797,snake,5
797,chipmunk,8
797,owl,3
797,bird,3
797,peacock,6
797,brownbear,6
797,eagle,4
797,monkey,3
797,ape,2
797,rhino,5
797,elephant,4
797,giraffe,2
797,zebra,10
797,bobcat,12
798,dog,2
798,cat,1
798,fish,1
798,lion,2
798,tiger,1
798,cougar,1
798,lizard,2
798,bird,1
798,cheetah,8
798,bear,1
798,owl,4
798,eagle,2
798,panda,15
798,monkey,5
798,squirrel,6
798,pig,2
798,sheep,2
798,horse,2
798,duck,2
798,alligator,4
798,frog,2
798,sealion,7
798,rabbit,15
798,kangaroo,2
798,giraffe,15
798,elephant,3
798,antelope,5
798,gazelle,3
798,zebra,6
798,hummingbird,8
798,heron,4
798,turtle,3
798,meerkat,18
798,bison,8
798,buffalo,2
798,sloth,4
798,snake,3
798,mouse,4
798,starfish,8
893,dog,11
893,cat,2
893,fish,2
893,bunny,3
893,squirrel,4
893,tiger,6
893,lion,1
893,bear,1
893,mountainlion,6
893,cougar,4
893,turtle,4
893,ostrich,3
893,porcupine,9
893,puppy,3
893,kitten,2
893,giraffe,10
893,monkey,2
893,ape,1
893,chimpanzee,2
893,elephant,4
893,manatee,6
893,whale,6
893,shark,1
893,chipmunk,7
893,mouse,12
893,kangaroo,8
893,ferret,12
893,hyena,21
893,boar,8
893,pig,1
893,goat,1
893,llama,4
893,dinosaur,12
893,woodchuck,9
896,dog,3
896,cat,0
896,bear,2
896,fish,4
896,ferret,2
896,gerbil,3
896,guineapig,3
896,snake,0
896,tiger,6
896,lion,1
896,panda,6
896,koala,2
896,bird,3
896,octopus,10
896,llama,8
896,gorilla,1
896,ape,1
896,monkey,1
896,whale,13
896,dolphin,1
896,rhinoceros,14
896,hippopotamus,6
896,flamingo,8
896,mouse,4
896,rat,1
896,lizard,6
896,gecko,1
896,prairiedog,11
896,meerkat,3
896,zebra,23
896,penguin,5
896,chicken,4
896,turkey,2
896,goose,2
896,dove,1
896,swan,1
896,parrot,3
896,hawk,3
896,eagle,1
896,seahorse,7
896,eel,3
896,tarantula,12
897,dog,3
897,cat,1
897,squirrel,7
897,fish,2
897,goat,2
897,sheep,2
897,horse,3
897,monkey,2
897,ape,3
897,turtle,5
897,donkey,3
897,snake,3
897,eel,3
897,whale,4
897,bat,17
897,rabbit,10
897,elephant,20
897,zebra,3
897,lion,3
897,tiger,11
897,hippopotamus,2
897,shark,2
897,dolphin,3
897,pig,17
897,jaguar,35
897,owl,6
897,stork,3
897,bird,7
898,dog,2
898,cat,1
898,hippopotamus,4
898,elephant,3
898,reindeer,4
898,bison,1
898,horse,3
898,bird,4
898,fish,8
898,spider,3
898,ant,1
898,beetle,5
898,bear,5
898,monkey,4
898,alligator,3
898,crocodile,3
898,chimpanzee,3
898,gorilla,2
898,tiger,3
898,lion,1
898,sloth,3
898,porcupine,4
898,swan,1
898,goose,3
898,duck,1
898,hamster,5
898,lizard,2
898,snake,2
898,panda,18
898,koala,4
898,kangaroo,3
898,owl,1
898,rat,13
898,squirrel,4
898,raccoon,2
898,opossum,3
898,anteater,2
898,antelope,2
898,cheetah,4
898,leopard,4
898,bobcat,10
898,bunny,9
898,ostrich,13
898,hedgehog,23
899,dog,2
899,cat,1
899,giraffe,2
899,gerbil,2
899,ferret,2
899,kangaroo,5
899,panda,3
899,polarbear,2
899,monkey,4
899,gorilla,1
899,chimpanzee,2
899,elephant,6
899,tiger,1
899,zebra,2
899,gazelle,3
899,leopard,5
899,panther,2
899,snake,2
899,meerkat,2
899,pig,3
899,cow,1
899,donkey,2
899,chicken,5
899,cock,1
899,fish,3
899,platypus,7
899,manatee,3
899,rat,3
899,crocodile,14
899,lizard,4
899,chameleon,3
899,rhino,10
899,hippopotamus,4
899,dolphin,3
899,urchin,4
899,seahorse,2
899,horse,1
899,pony,6
899,wolverine,17
899,duck,3
899,swan,4
899,owl,5
899,robin,2
899,chickadee,5
899,cockatoo,7
899,peacock,4
994,dog,3
994,cat,2
994,bird,1
994,lizard,2
994,newt,2
994,snake,1
994,seahorse,5
994,fish,1
994,platypus,7
994,anteater,2
994,zebra,3
994,horse,2
994,elephant,2
994,tiger,1
994,bengaltiger,2
994,lion,3
994,kangaroo,3
994,bear,1
994,donkey,8
994,owl,2
994,muskrat,9
994,whale,6
994,dolphin,2
994,sealion,1
994,otter,1
994,monkey,11
994,ape,1
994,orangutan,5
994,buffalo,14
994,octopus,5
994,elk,4
994,deer,1
994,squirrel,7
994,chipmunk,12
994,pig,20
994,duck,1
994,goose,3
994,meerkat,33
995,dog,8
995,cat,2
995,cow,2
995,snake,3
995,skunk,3
995,puppy,7
995,kitten,2
995,goat,16
995,hog,2
995,pig,2
995,wasp,11
995,zebra,11
995,cheetah,2
995,lion,3
995,tiger,1
995,bear,2
995,sloth,5
995,horse,4
995,jaguar,15
995,kangaroo,7
995,panda,13
995,blackbear,12
995,grizzly,13
995,monkey,16
995,lemur,20
996,cat,2
996,dog,1
996,squirrel,9
996,mouse,2
996,rat,1
996,hamster,4
996,zebra,2
996,giraffe,6
996,elephant,2
996,cow,1
996,goat,2
996,crocodile,10
996,lion,1
996,tiger,3
996,camel,3
996,hippopotamus,20
996,snake,12
996,bear,2
996,koala,10
996,fox,3
996,wolf,1
996,leopard,16
996,cheetah,5
996,yak,6
996,sheep,2
996,buffalo,5
996,pig,6
996,boar,7
996,kiwi,4
996,penguin,6
996,horse,19
996,donkey,3
996,monkey,3
997,dog,7
997,cat,1
997,bird,3
997,lizard,2
997,elephant,11
997,camel,3
997,whale,1
997,dolphin,3
997,fish,1
997,otter,3
997,komododragon,8
997,reptile,13
997,snail,20
997,lion,6
997,tiger,1
997,zebra,4
997,prairiedog,4
997,skunk,5
997,anteater,4
997,turtle,8
997,bat,12
997,dingo,8
997,kangaroo,5
997,fox,15
997,gnat,4
997,rat,20
997,mouse,1
998,cat,5
998,dog,2
998,terrier,5
998,akita,3
998,greatdane,7
998,chimpanzee,4
998,gorilla,2
998,giraffe,2
998,elephant,2
998,snowlion,7
998,bobcat,3
998,cobra,2
998,blackmamba,5
998,crocodile,2
998,alligator,4
998,asp,2
998,python,3
998,anaconda,2
998,parrot,9
998,zebra,12
998,buffalo,9
998,kangaroo,10
998,sloth,7
998,hippopotamus,3
998,stingray,15
998,whale,4
998,orca,2
998,manatee,3
998,dolphin,6
998,grizzly,7
998,fox,2
998,squirrel,3
998,coyote,2
998,gopher,8
998,groundhog,4
998,pig,4
998,cow,2
998,horse,2
998,chicken,4
999,bear,3
999,dog,2
999,cat,0
999,frog,3
999,monkey,2
999,lion,3
999,tiger,1
999,rabbit,4
999,squirrel,10
999,seal,9
999,dolphin,3
999,elephant,9
999,camel,2
999,horse,1
999,donkey,2
999,pig,4
999,lamb,3
999,sheep,3
999,goat,6
999,bird,5
999,snake,12
999,raccoon,30
999,ostrich,40
999,hamster,8
999,guineapig,7
999,whale,33
1098,dog,6
1098,cat,2
1098,bird,2
1098,fish,3
1098,reptile,7
1098,amphibian,5
1098,whale,7
1098,shark,2
1098,sloth,5
1098,lemur,2
1098,tadpole,3
1098,mongoose,3
1098,butterfly,10
1098,alligator,8
1098,anteater,7
1098,frog,6
1098,snake,3
1098,kangaroo,6
1098,wallaby,4
1098,cavy,2
1098,skunk,4
1098,rhino,6
1098,giraffe,6
1098,rhinoceros,5
1098,toad,5
1098,gecko,3
1098,sugarglider,5
1098,lizard,7
1098,hippopotamus,5
1098,monkey,5
1098,baboon,4
1098,fox,4
1098,llama,3
1098,bee,11
1098,insect,2
1098,grasshopper,4
1098,barracuda,7
1099,dog,5
1099,cat,1
1099,bird,1
1099,lion,2
1099,tiger,3
1099,bear,1
1099,insect,5
1099,spider,3
1099,fly,1
1099,worm,3
1099,pig,2
1099,chicken,3
1099,rooster,1
1099,cow,2
1099,sheep,1
1099,horse,4
1099,mouse,12
1099,rat,3
1099,slug,3
1099,raccoon,6
1099,possum,4
1099,coyote,2
1099,wolf,3
1099,leopard,4
1099,shark,5
1099,fish,1
1099,turtle,2
1099,giraffe,3
1099,rhino,2
1099,moose,5
1099,elk,3
1099,bison,1
1099,starfish,6
1099,barracuda,3
1099,crab,5
1099,deer,8
1099,hamster,14
1099,lemur,4
1099,sloth,3
1099,monkey,15
1099,chimpanzee,4
1099,snake,2
1099,elephant,3
1099,manatee,5
1099,whale,2
1099,seal,2
1099,polarbear,3
1099,snowfox,3
1099,cougar,18
